metabolite_id	metabolite_name	top20_frequency	top50_frequency	median_rank	stability_class	allowed_interpretation
ME585814	Fucose 1-phosphate	0.968	1.0	6.0	stable_top20	candidate state-associated metabolite (descriptive)
ME585980	Thioproline	0.914	0.996	6.0	stable_top20	candidate state-associated metabolite (descriptive)
ME585810	Erythrose 4-phosphate	0.886	0.986	6.0	stable_top20	candidate state-associated metabolite (descriptive)
ME585861	Hypoxanthine	0.894	0.99	7.0	stable_top20	candidate state-associated metabolite (descriptive)
ME585757	Anserine	0.794	0.954	7.0	stable_top20	candidate state-associated metabolite (descriptive)
ME585822	Glucuronolactone	0.84	0.996	9.0	stable_top20	candidate state-associated metabolite (descriptive)
ME585727	β-Hydroxycarnitine (6:0)	0.678	0.908	14.0	stable_top20	candidate state-associated metabolite (descriptive)
ME585776	Carnitine (4:0)	0.652	0.908	14.0	stable_top20	candidate state-associated metabolite (descriptive)
ME585876	Methylguanine	0.632	0.918	14.0	stable_top20	candidate state-associated metabolite (descriptive)
ME585854	Histamine	0.648	0.912	14.5	stable_top20	candidate state-associated metabolite (descriptive)
ME585848	Guanosine diphosphate mannose	0.62	0.906	15.0	stable_top20	candidate state-associated metabolite (descriptive)
ME585766	beta-Alanine	0.58	0.92	17.0	stable_top20	candidate state-associated metabolite (descriptive)
ME585800	Deoxycytidine monophosphate	0.574	0.876	17.0	stable_top20	candidate state-associated metabolite (descriptive)
ME585744	Adenosine cyclic phosphate	0.564	0.902	18.0	stable_top20	candidate state-associated metabolite (descriptive)
ME585791	Cystathionine	0.496	0.866	21.0	stable_top50	candidate state-associated metabolite (descriptive)
ME585802	Deoxypentose monophosphates	0.48	0.91	21.0	stable_top50	candidate state-associated metabolite (descriptive)
ME585811	Fructose 6-phosphate	0.466	0.836	23.0	stable_top50	candidate state-associated metabolite (descriptive)
ME585931	PE (40:5)	0.396	0.846	25.0	stable_top50	candidate state-associated metabolite (descriptive)
ME585966	Sedoheptulose 7-phosphate	0.414	0.74	27.0	stable_top50	candidate state-associated metabolite (descriptive)
ME585821	Glucose 6-phosphate	0.404	0.756	27.0	stable_top50	candidate state-associated metabolite (descriptive)
ME585872	Malate	0.304	0.884	27.0	stable_top50	candidate state-associated metabolite (descriptive)
ME585879	N,N-Dimethylarginine	0.374	0.732	28.5	stable_top50	candidate state-associated metabolite (descriptive)
ME585945	PS (34:2)	0.278	0.842	30.0	stable_top50	candidate state-associated metabolite (descriptive)
ME585832	Glutathione disulfide	0.274	0.67	33.5	stable_top50	candidate state-associated metabolite (descriptive)
ME585789	Creatine	0.3	0.656	34.0	stable_top50	candidate state-associated metabolite (descriptive)
ME585845	Guanine	0.228	0.732	35.0	stable_top50	candidate state-associated metabolite (descriptive)
ME585825	Glu-Pro	0.26	0.642	36.0	stable_top50	candidate state-associated metabolite (descriptive)
ME585756	Aminoisobutanoate	0.226	0.606	37.0	stable_top50	candidate state-associated metabolite (descriptive)
ME585816	Gamma-aminobutyrate	0.226	0.642	38.0	stable_top50	candidate state-associated metabolite (descriptive)
ME585901	Ophthalmate	0.204	0.682	38.0	stable_top50	candidate state-associated metabolite (descriptive)
ME585892	N-Acetylornithine	0.192	0.678	38.0	stable_top50	candidate state-associated metabolite (descriptive)
ME585939	Phosphorylcholine	0.252	0.622	39.0	stable_top50	candidate state-associated metabolite (descriptive)
ME585972	SM (36:2)	0.216	0.606	41.0	stable_top50	candidate state-associated metabolite (descriptive)
ME585792	Cysteate	0.18	0.584	43.0	stable_top50	candidate state-associated metabolite (descriptive)
ME585922	PE (34:1)	0.096	0.6	43.0	stable_top50	candidate state-associated metabolite (descriptive)
ME585753	Allantoin	0.22	0.578	44.0	stable_top50	candidate state-associated metabolite (descriptive)
ME585790	Creatinine	0.13	0.566	46.0	stable_top50	candidate state-associated metabolite (descriptive)
ME585804	Dihydrouracil	0.22	0.536	47.0	stable_top50	candidate state-associated metabolite (descriptive)
ME585926	PE (36:3)	0.102	0.532	47.0	stable_top50	candidate state-associated metabolite (descriptive)
ME585824	Glu-Glu	0.128	0.498	51.0	borderline	candidate state-associated metabolite (descriptive)
ME585893	N-Acetylserine	0.094	0.494	51.0	borderline	candidate state-associated metabolite (descriptive)
ME585841	Glycylglutamine	0.064	0.45	54.0	borderline	candidate state-associated metabolite (descriptive)
ME585895	NADH	0.098	0.472	55.0	borderline	candidate state-associated metabolite (descriptive)
ME585782	CDP-ethanolamine	0.082	0.442	55.0	borderline	candidate state-associated metabolite (descriptive)
ME585806	dimethylglycine	0.066	0.452	55.0	borderline	candidate state-associated metabolite (descriptive)
ME585993	Uracil	0.136	0.432	57.0	borderline	candidate state-associated metabolite (descriptive)
ME585910	PC (34:2)	0.104	0.436	57.0	borderline	candidate state-associated metabolite (descriptive)
ME585737	6-Phosphogluconate	0.056	0.412	58.0	borderline	candidate state-associated metabolite (descriptive)
ME585850	Hexose_RT7.2	0.102	0.362	63.0	borderline	candidate state-associated metabolite (descriptive)
ME585942	Platelet-activating factor	0.052	0.358	64.0	borderline	candidate state-associated metabolite (descriptive)
ME585998	Uridine triphosphate	0.054	0.298	67.0	borderline	candidate state-associated metabolite (descriptive)
ME585741	Acetylcholine	0.052	0.312	68.0	borderline	candidate state-associated metabolite (descriptive)
ME585921	P-DMEA	0.084	0.334	69.0	borderline	candidate state-associated metabolite (descriptive)
ME585834	Glycerol 3-phosphate	0.07	0.35	69.0	borderline	candidate state-associated metabolite (descriptive)
ME585963	Salicylamide	0.088	0.35	69.5	borderline	candidate state-associated metabolite (descriptive)
ME585949	PS (38:5)	0.038	0.3	70.0	borderline	candidate state-associated metabolite (descriptive)
ME585925	PE (36:2)	0.028	0.296	70.0	borderline	candidate state-associated metabolite (descriptive)
ME585829	glutamyllysine	0.07	0.292	71.5	borderline	candidate state-associated metabolite (descriptive)
ME585958	Ribulose/Ribose/Xylulose 5-phosphate	0.058	0.318	72.0	borderline	candidate state-associated metabolite (descriptive)
ME585912	PC (36:2)	0.01	0.22	73.0	borderline	candidate state-associated metabolite (descriptive)
ME585738	6-Phosphonogluconolactone	0.05	0.276	74.0	borderline	candidate state-associated metabolite (descriptive)
ME585997	Uridine monophosphate	0.036	0.238	75.0	borderline	candidate state-associated metabolite (descriptive)
ME585826	Glutamate	0.03	0.252	75.0	borderline	candidate state-associated metabolite (descriptive)
ME585923	PE (34:2)	0.016	0.256	75.0	borderline	candidate state-associated metabolite (descriptive)
ME585909	PC (34:1)	0.01	0.198	75.0	unstable	candidate state-associated metabolite (descriptive)
ME585999	Valine	0.04	0.258	76.0	borderline	candidate state-associated metabolite (descriptive)
ME585951	PS (40:5)	0.02	0.238	76.0	borderline	candidate state-associated metabolite (descriptive)
ME585940	PI (32:0)	0.028	0.266	78.0	borderline	candidate state-associated metabolite (descriptive)
ME585907	PC (32:1)	0.012	0.196	78.0	unstable	candidate state-associated metabolite (descriptive)
ME585860	Hypotaurine	0.056	0.264	80.5	borderline	candidate state-associated metabolite (descriptive)
ME585878	N,N,N-Trimethyllysine	0.024	0.228	80.5	borderline	candidate state-associated metabolite (descriptive)
ME585851	Hexose_RT7.7	0.038	0.236	83.5	borderline	candidate state-associated metabolite (descriptive)
ME585906	PC (32:0)	0.0	0.108	84.5	unstable	candidate state-associated metabolite (descriptive)
ME585730	3-Hydroxypyruvate	0.024	0.19	85.0	unstable	candidate state-associated metabolite (descriptive)
ME585849	Guanosine monophosphate	0.024	0.228	85.5	borderline	candidate state-associated metabolite (descriptive)
ME585839	Glycine	0.042	0.238	86.5	borderline	candidate state-associated metabolite (descriptive)
ME585840	Glycineamideribotide	0.052	0.246	87.0	borderline	candidate state-associated metabolite (descriptive)
ME585749	AICAR	0.022	0.212	87.0	borderline	candidate state-associated metabolite (descriptive)
ME585838	Glycerophosphoinositol	0.04	0.24	90.0	borderline	candidate state-associated metabolite (descriptive)
ME585896	NADP+	0.006	0.172	91.0	unstable	candidate state-associated metabolite (descriptive)
ME585722	2-Methylmaleate	0.014	0.172	92.0	unstable	candidate state-associated metabolite (descriptive)
ME585982	Threonate	0.04	0.194	93.0	unstable	candidate state-associated metabolite (descriptive)
ME585883	N-Acetylcitrulline	0.022	0.154	93.5	unstable	candidate state-associated metabolite (descriptive)
ME585759	Arginine	0.074	0.228	94.0	borderline	candidate state-associated metabolite (descriptive)
ME585717	3-Methylhistidine	0.038	0.198	94.0	unstable	candidate state-associated metabolite (descriptive)
ME585843	Guanidinoacetate	0.032	0.208	95.0	borderline	candidate state-associated metabolite (descriptive)
ME585724	β-Hydroxycarnitine (16:0)	0.044	0.202	96.0	borderline	candidate state-associated metabolite (descriptive)
ME585988	Tyr-Arg	0.018	0.144	97.0	unstable	candidate state-associated metabolite (descriptive)
ME585928	PE (38:4)	0.016	0.152	97.0	unstable	candidate state-associated metabolite (descriptive)
ME585857	Homovanillate	0.022	0.19	99.0	unstable	candidate state-associated metabolite (descriptive)
ME585859	Hydroxyphenyllactate	0.018	0.18	100.0	unstable	candidate state-associated metabolite (descriptive)
ME585870	Leu-Val	0.026	0.152	101.5	unstable	candidate state-associated metabolite (descriptive)
ME585856	Homoarginine	0.014	0.17	102.5	unstable	candidate state-associated metabolite (descriptive)
ME585924	PE (36:1)	0.0	0.062	106.0	unstable	candidate state-associated metabolite (descriptive)
ME585929	PE (38:5)	0.014	0.108	107.0	unstable	candidate state-associated metabolite (descriptive)
ME585746	Adenosine monophosphate	0.004	0.122	107.0	unstable	candidate state-associated metabolite (descriptive)
ME585732	4alpha-Hydroxyformyl-4beta-methyl-5alpha-cholest-8-en-3beta-ol	0.016	0.148	108.0	unstable	candidate state-associated metabolite (descriptive)
ME585881	N-Acetylalanine	0.008	0.126	113.0	unstable	candidate state-associated metabolite (descriptive)
ME585918	PC (40:5)	0.002	0.074	113.0	unstable	candidate state-associated metabolite (descriptive)
ME585733	4-Guanidinobutanoate	0.014	0.122	114.0	unstable	candidate state-associated metabolite (descriptive)
ME585953	PS (40:7)	0.008	0.096	114.0	unstable	candidate state-associated metabolite (descriptive)
ME585985	trans-Aconitate	0.008	0.118	114.5	unstable	candidate state-associated metabolite (descriptive)
ME585803	Deoxyribose	0.01	0.126	117.0	unstable	candidate state-associated metabolite (descriptive)
ME585956	Quinolinate	0.006	0.098	117.0	unstable	candidate state-associated metabolite (descriptive)
ME585937	Phosphoenolpyruvate	0.012	0.108	118.0	unstable	candidate state-associated metabolite (descriptive)
ME585970	SM (34:1)	0.0	0.018	118.0	unstable	candidate state-associated metabolite (descriptive)
ME585898	N-Formylmethionine	0.008	0.112	119.0	unstable	candidate state-associated metabolite (descriptive)
ME585952	PS (40:6)	0.004	0.1	119.0	unstable	candidate state-associated metabolite (descriptive)
ME585976	Sphingosine	0.0	0.04	119.0	unstable	candidate state-associated metabolite (descriptive)
ME585961	S-Adenosylmethionine	0.004	0.084	120.0	unstable	candidate state-associated metabolite (descriptive)
ME585971	SM (36:1)	0.002	0.034	121.0	unstable	candidate state-associated metabolite (descriptive)
ME585820	Glucosamine 6-sulfate	0.008	0.078	121.5	unstable	candidate state-associated metabolite (descriptive)
ME585823	Glu-Gln	0.006	0.072	121.5	unstable	candidate state-associated metabolite (descriptive)
ME585852	Hexose_RT8.7	0.002	0.056	122.5	unstable	candidate state-associated metabolite (descriptive)
ME585947	PS (36:4)	0.002	0.062	123.0	unstable	candidate state-associated metabolite (descriptive)
ME585775	Carnitine (3:0)	0.004	0.09	124.0	unstable	candidate state-associated metabolite (descriptive)
ME585864	Inosine monophosphate	0.0	0.068	124.0	unstable	candidate state-associated metabolite (descriptive)
ME585957	Ribose	0.004	0.064	124.5	unstable	candidate state-associated metabolite (descriptive)
ME585758	Arg-Ala	0.014	0.068	125.0	unstable	candidate state-associated metabolite (descriptive)
ME585771	Carnitine (10:0)	0.002	0.044	125.0	unstable	candidate state-associated metabolite (descriptive)
ME585891	N-Acetylneuraminate	0.004	0.044	126.0	unstable	candidate state-associated metabolite (descriptive)
ME585977	Stachydrine	0.01	0.076	126.5	unstable	candidate state-associated metabolite (descriptive)
ME585815	Galacturonate	0.01	0.09	128.0	unstable	candidate state-associated metabolite (descriptive)
ME585715	1,3/ 2,3-Bisphosphoglycerate	0.002	0.068	128.0	unstable	candidate state-associated metabolite (descriptive)
ME585944	propionylcholine	0.004	0.036	129.0	unstable	candidate state-associated metabolite (descriptive)
ME585778	Carnitine (6:0)	0.006	0.078	130.0	unstable	candidate state-associated metabolite (descriptive)
ME585981	Thr-Arg	0.006	0.062	130.0	unstable	candidate state-associated metabolite (descriptive)
ME585946	PS (36:1)	0.0	0.004	130.0	unstable	candidate state-associated metabolite (descriptive)
ME585920	PC (40:8)	0.0	0.044	132.0	unstable	candidate state-associated metabolite (descriptive)
ME585858	Hydroxycitrate	0.002	0.052	133.5	unstable	candidate state-associated metabolite (descriptive)
ME585927	PE (38:1)	0.0	0.03	134.0	unstable	candidate state-associated metabolite (descriptive)
ME585994	Urate	0.012	0.064	135.0	unstable	candidate state-associated metabolite (descriptive)
ME585731	3-Methyl-2-oxovalerate	0.014	0.122	136.0	unstable	candidate state-associated metabolite (descriptive)
ME585917	PC (40:4)	0.0	0.006	139.0	unstable	candidate state-associated metabolite (descriptive)
ME585725	β-Hydroxycarnitine (4:0)	0.0	0.066	139.0	unstable	candidate state-associated metabolite (descriptive)
ME585837	Glycerophosphoglycerol	0.0	0.006	139.5	unstable	candidate state-associated metabolite (descriptive)
ME585962	SAICA	0.0	0.032	139.5	unstable	candidate state-associated metabolite (descriptive)
ME585847	Guanosine diphosphate	0.01	0.066	140.5	unstable	candidate state-associated metabolite (descriptive)
ME585728	β-Hydroxycarnitine (8:0)	0.008	0.054	140.5	unstable	candidate state-associated metabolite (descriptive)
ME585868	Leucine/Isoleucine	0.0	0.026	140.5	unstable	candidate state-associated metabolite (descriptive)
ME585786	Citrulline	0.006	0.048	141.0	unstable	candidate state-associated metabolite (descriptive)
ME585884	N-Acetylcysteine	0.0	0.018	141.5	unstable	candidate state-associated metabolite (descriptive)
ME585865	Itaconate	0.004	0.018	142.0	unstable	candidate state-associated metabolite (descriptive)
ME585979	Taurocyamine	0.012	0.058	143.5	unstable	candidate state-associated metabolite (descriptive)
ME585752	Ala-Tyr	0.004	0.032	145.0	unstable	candidate state-associated metabolite (descriptive)
ME585855	Histidine	0.004	0.058	146.0	unstable	candidate state-associated metabolite (descriptive)
ME585995	Uridine	0.004	0.042	146.0	unstable	candidate state-associated metabolite (descriptive)
ME585989	Tyrosine	0.002	0.008	148.5	unstable	candidate state-associated metabolite (descriptive)
ME585748	ADP-ribose	0.004	0.058	149.0	unstable	candidate state-associated metabolite (descriptive)
ME585842	Gly-Leu	0.004	0.028	149.0	unstable	candidate state-associated metabolite (descriptive)
ME585919	PC (40:6)	0.0	0.032	149.0	unstable	candidate state-associated metabolite (descriptive)
ME585882	N-Acetylasparagine	0.002	0.056	149.5	unstable	candidate state-associated metabolite (descriptive)
ME585862	Indoxyl sulfate	0.004	0.036	150.5	unstable	candidate state-associated metabolite (descriptive)
ME585904	Orotidine	0.0	0.018	150.5	unstable	candidate state-associated metabolite (descriptive)
ME585863	Inosine	0.0	0.028	151.0	unstable	candidate state-associated metabolite (descriptive)
ME585833	DHAP-isomer	0.002	0.042	153.0	unstable	candidate state-associated metabolite (descriptive)
ME585969	SM (32:1)	0.0	0.02	153.0	unstable	candidate state-associated metabolite (descriptive)
ME585721	2-Mannosyl-3-phosphoglycerate	0.0	0.026	154.0	unstable	candidate state-associated metabolite (descriptive)
ME585936	Phosphocreatine	0.0	0.038	154.0	unstable	candidate state-associated metabolite (descriptive)
ME585991	UDP-glucose	0.0	0.018	155.0	unstable	candidate state-associated metabolite (descriptive)
ME585723	β-Hydroxycarnitine (14:0)	0.0	0.026	155.0	unstable	candidate state-associated metabolite (descriptive)
ME585740	Acetylcarnitine	0.002	0.022	155.5	unstable	candidate state-associated metabolite (descriptive)
ME585750	Ala-Leu	0.004	0.042	156.0	unstable	candidate state-associated metabolite (descriptive)
ME585784	cis-4-Hydroxyproline	0.002	0.032	157.0	unstable	candidate state-associated metabolite (descriptive)
ME585794	Cytidine	0.0	0.024	158.0	unstable	candidate state-associated metabolite (descriptive)
ME585911	PC (36:1)	0.0	0.0	158.0	unstable	candidate state-associated metabolite (descriptive)
ME585801	Deoxyguanosine diphosphate	0.004	0.044	159.0	unstable	candidate state-associated metabolite (descriptive)
ME585894	NAD+	0.0	0.026	161.5	unstable	candidate state-associated metabolite (descriptive)
ME585785	Citicoline	0.0	0.004	164.5	unstable	candidate state-associated metabolite (descriptive)
ME585948	PS (38:3)	0.0	0.0	165.0	unstable	candidate state-associated metabolite (descriptive)
ME585950	PS (38:6)	0.0	0.016	165.0	unstable	candidate state-associated metabolite (descriptive)
ME585874	Methionine	0.0	0.012	166.0	unstable	candidate state-associated metabolite (descriptive)
ME585770	Carnitine	0.0	0.018	168.0	unstable	candidate state-associated metabolite (descriptive)
ME585866	Kynurenine	0.0	0.018	168.5	unstable	candidate state-associated metabolite (descriptive)
ME585913	PC (36:4)	0.002	0.02	169.0	unstable	candidate state-associated metabolite (descriptive)
ME585745	Adenosine diphosphate	0.0	0.024	170.0	unstable	candidate state-associated metabolite (descriptive)
ME585718	2-/3-Phosphoglycerate	0.0	0.018	171.0	unstable	candidate state-associated metabolite (descriptive)
ME585930	PE (38:6)	0.0	0.018	172.0	unstable	candidate state-associated metabolite (descriptive)
ME585916	PC (38:5)	0.002	0.02	173.0	unstable	candidate state-associated metabolite (descriptive)
ME585932	PE (40:7)	0.0	0.016	174.5	unstable	candidate state-associated metabolite (descriptive)
ME585817	Glu-Asp	0.01	0.038	176.0	unstable	candidate state-associated metabolite (descriptive)
ME585902	Ornithine	0.0	0.014	176.0	unstable	candidate state-associated metabolite (descriptive)
ME585830	Glutarate	0.004	0.02	178.0	unstable	candidate state-associated metabolite (descriptive)
ME585777	Carnitine (5:0)	0.0	0.024	180.0	unstable	candidate state-associated metabolite (descriptive)
ME585798	Cytidine triphosphate	0.0	0.004	180.0	unstable	candidate state-associated metabolite (descriptive)
ME585900	Norleucine	0.0	0.01	180.0	unstable	candidate state-associated metabolite (descriptive)
ME585992	UDP-N-acetylglucosamine	0.0	0.008	182.0	unstable	candidate state-associated metabolite (descriptive)
ME585935	Phenylalanine	0.0	0.008	182.5	unstable	candidate state-associated metabolite (descriptive)
ME585941	Pipecolate	0.0	0.02	183.5	unstable	candidate state-associated metabolite (descriptive)
ME585987	Tryptophan	0.0	0.002	184.0	unstable	candidate state-associated metabolite (descriptive)
ME586000	Val-Lys	0.0	0.002	185.5	unstable	candidate state-associated metabolite (descriptive)
ME585781	Carnosine	0.0	0.0	186.0	unstable	candidate state-associated metabolite (descriptive)
ME585903	Orotate	0.0	0.016	188.0	unstable	candidate state-associated metabolite (descriptive)
ME585747	Adenosine triphosphate	0.0	0.018	191.0	unstable	candidate state-associated metabolite (descriptive)
ME585743	Adenosine	0.0	0.002	192.0	unstable	candidate state-associated metabolite (descriptive)
ME585938	Phosphoethanolamine	0.0	0.006	193.5	unstable	candidate state-associated metabolite (descriptive)
ME585828	Glutamylcysteine	0.0	0.0	194.5	unstable	candidate state-associated metabolite (descriptive)
ME585765	Azelate	0.0	0.006	195.5	unstable	candidate state-associated metabolite (descriptive)
ME585755	Aminoadipate	0.0	0.002	197.0	unstable	candidate state-associated metabolite (descriptive)
ME585774	Carnitine (18:1)	0.0	0.008	197.0	unstable	candidate state-associated metabolite (descriptive)
ME585880	N,N-Dimethyllysine	0.0	0.004	197.0	unstable	candidate state-associated metabolite (descriptive)
ME585763	Aspartylglycosamine	0.0	0.002	198.5	unstable	candidate state-associated metabolite (descriptive)
ME585807	Diphthamide	0.0	0.002	199.0	unstable	candidate state-associated metabolite (descriptive)
ME585996	Uridine diphosphate	0.0	0.004	199.0	unstable	candidate state-associated metabolite (descriptive)
ME585779	Carnitine (8:0)	0.0	0.008	200.0	unstable	candidate state-associated metabolite (descriptive)
ME585795	Cytidine cyclic phosphate	0.0	0.012	200.5	unstable	candidate state-associated metabolite (descriptive)
ME585915	PC (38:4)	0.0	0.0	202.0	unstable	candidate state-associated metabolite (descriptive)
ME585960	S-Adenosylhomocysteine	0.0	0.012	203.0	unstable	candidate state-associated metabolite (descriptive)
ME585943	Proline	0.0	0.0	204.0	unstable	candidate state-associated metabolite (descriptive)
ME585844	Guanidinosuccinate	0.0	0.002	205.0	unstable	candidate state-associated metabolite (descriptive)
ME585897	NADPH	0.0	0.006	206.0	unstable	candidate state-associated metabolite (descriptive)
ME585990	UDP-D-galacturonate	0.0	0.002	209.0	unstable	candidate state-associated metabolite (descriptive)
ME585719	2-Hydroxybutyrate	0.0	0.004	212.0	unstable	candidate state-associated metabolite (descriptive)
ME585869	Leu-Pro	0.0	0.002	215.0	unstable	candidate state-associated metabolite (descriptive)
ME585975	Sphinganine	0.0	0.0	215.0	unstable	candidate state-associated metabolite (descriptive)
ME585986	Trigonelline	0.0	0.002	215.0	unstable	candidate state-associated metabolite (descriptive)
ME585799	Decanoate	0.002	0.002	216.0	unstable	candidate state-associated metabolite (descriptive)
ME585764	Asp-Pro	0.0	0.002	216.0	unstable	candidate state-associated metabolite (descriptive)
ME585867	Lactate	0.0	0.004	217.0	unstable	candidate state-associated metabolite (descriptive)
ME585899	Nicotinamide	0.0	0.004	217.5	unstable	candidate state-associated metabolite (descriptive)
ME585783	Choline	0.0	0.002	218.0	unstable	candidate state-associated metabolite (descriptive)
ME586001	Xanthine	0.0	0.002	218.0	unstable	candidate state-associated metabolite (descriptive)
ME585788	CoenzymeA	0.0	0.006	218.5	unstable	candidate state-associated metabolite (descriptive)
ME585914	PC (36:5)	0.0	0.0	221.0	unstable	candidate state-associated metabolite (descriptive)
ME585797	Cytidine monophosphate	0.0	0.002	223.0	unstable	candidate state-associated metabolite (descriptive)
ME585768	Biotin amide	0.0	0.002	224.0	unstable	candidate state-associated metabolite (descriptive)
ME585742	Acetyl-CoA	0.0	0.002	225.0	unstable	candidate state-associated metabolite (descriptive)
ME585772	Carnitine (16:1)	0.0	0.0	225.0	unstable	candidate state-associated metabolite (descriptive)
ME585968	Serine	0.0	0.0	225.0	unstable	candidate state-associated metabolite (descriptive)
ME585736	5-Glutamyltaurine	0.0	0.0	226.0	unstable	candidate state-associated metabolite (descriptive)
ME585819	Glucosamine 6-phosphate	0.0	0.002	227.0	unstable	candidate state-associated metabolite (descriptive)
ME585767	Betaine	0.0	0.0	229.0	unstable	candidate state-associated metabolite (descriptive)
ME585808	dTDP-glucose	0.0	0.0	229.0	unstable	candidate state-associated metabolite (descriptive)
ME585871	Lysine	0.0	0.0	229.0	unstable	candidate state-associated metabolite (descriptive)
ME585888	N-Acetylhexosamine phosphate	0.0	0.0	229.0	unstable	candidate state-associated metabolite (descriptive)
ME585886	N-Acetylglycine	0.0	0.0	230.0	unstable	candidate state-associated metabolite (descriptive)
ME585796	Cytidine diphosphate	0.0	0.0	232.0	unstable	candidate state-associated metabolite (descriptive)
ME585954	Pyroglutamate	0.0	0.0	232.0	unstable	candidate state-associated metabolite (descriptive)
ME585905	Oxoadipate	0.0	0.0	232.5	unstable	candidate state-associated metabolite (descriptive)
ME585735	5-Aminolevulinate	0.0	0.0	234.0	unstable	candidate state-associated metabolite (descriptive)
ME585984	trans-4-Hydroxyproline	0.0	0.0	235.0	unstable	candidate state-associated metabolite (descriptive)
ME585726	β-Hydroxycarnitine (5:0)	0.0	0.0	235.0	unstable	candidate state-associated metabolite (descriptive)
ME585762	Aspartate	0.0	0.002	237.0	unstable	candidate state-associated metabolite (descriptive)
ME585983	Threonine	0.0	0.0	237.0	unstable	candidate state-associated metabolite (descriptive)
ME585933	Pentoses-1	0.0	0.0	238.0	unstable	candidate state-associated metabolite (descriptive)
ME585827	Glutamine	0.0	0.0	239.0	unstable	candidate state-associated metabolite (descriptive)
ME585887	N-Acetylhexosamine	0.0	0.0	239.0	unstable	candidate state-associated metabolite (descriptive)
ME585964	Sebacate	0.0	0.0	239.5	unstable	candidate state-associated metabolite (descriptive)
ME585974	Sorbitol	0.002	0.002	240.0	unstable	candidate state-associated metabolite (descriptive)
ME585978	Taurine	0.0	0.004	241.0	unstable	candidate state-associated metabolite (descriptive)
ME585751	Alanine	0.0	0.0	242.0	unstable	candidate state-associated metabolite (descriptive)
ME585889	N-Acetylhexosamine sulfate	0.0	0.002	242.5	unstable	candidate state-associated metabolite (descriptive)
ME585780	Carnitine (glutaryl)	0.0	0.0	243.0	unstable	candidate state-associated metabolite (descriptive)
ME585959	Saccharate	0.0	0.0	243.0	unstable	candidate state-associated metabolite (descriptive)
ME585716	1-Methylhistidine	0.0	0.0	244.0	unstable	candidate state-associated metabolite (descriptive)
ME585809	Ergothioneine	0.0	0.0	244.0	unstable	candidate state-associated metabolite (descriptive)
ME585836	Glycerophosphoethanolamine	0.0	0.0	244.0	unstable	candidate state-associated metabolite (descriptive)
ME585769	Carnitinamide	0.0	0.002	245.0	unstable	candidate state-associated metabolite (descriptive)
ME585873	Methacholine	0.0	0.0	245.0	unstable	candidate state-associated metabolite (descriptive)
ME585908	PC (32:2)	0.0	0.0	246.0	unstable	candidate state-associated metabolite (descriptive)
ME585965	Sedoheptulose	0.0	0.0	246.0	unstable	candidate state-associated metabolite (descriptive)
ME585818	Gluconate	0.0	0.0	247.0	unstable	candidate state-associated metabolite (descriptive)
ME585875	Methyl 4-aminobutyrate	0.0	0.0	247.0	unstable	candidate state-associated metabolite (descriptive)
ME585793	Cystine	0.0	0.0	248.0	unstable	candidate state-associated metabolite (descriptive)
ME585805	Dihydroxyacetone phosphate	0.0	0.0	248.5	unstable	candidate state-associated metabolite (descriptive)
ME585973	S-Methylthioadenosine	0.0	0.002	249.0	unstable	candidate state-associated metabolite (descriptive)
ME585754	alpha-Ketoglutarate	0.0	0.0	250.0	unstable	candidate state-associated metabolite (descriptive)
ME585812	FA (20:2)	0.0	0.0	252.0	unstable	candidate state-associated metabolite (descriptive)
ME585835	Glycerophosphocholine	0.0	0.0	253.0	unstable	candidate state-associated metabolite (descriptive)
ME585760	Ascorbate	0.0	0.0	254.0	unstable	candidate state-associated metabolite (descriptive)
ME585831	Glutathione	0.0	0.0	255.0	unstable	candidate state-associated metabolite (descriptive)
ME585885	N-Acetylglutamine	0.0	0.0	255.0	unstable	candidate state-associated metabolite (descriptive)
ME585739	Acetylarginine	0.0	0.0	256.0	unstable	candidate state-associated metabolite (descriptive)
ME585967	Ser-Arg	0.0	0.0	257.0	unstable	candidate state-associated metabolite (descriptive)
ME585734	4-Guanidinobutyric acid	0.0	0.0	258.0	unstable	candidate state-associated metabolite (descriptive)
ME585720	2-Hydroxyglutarate	0.0	0.002	259.0	unstable	candidate state-associated metabolite (descriptive)
ME585761	Asparagine	0.0	0.0	259.0	unstable	candidate state-associated metabolite (descriptive)
ME585813	Fructose 1,6-bisphosphate	0.0	0.0	259.0	unstable	candidate state-associated metabolite (descriptive)
ME585773	Carnitine (18:0)	0.0	0.0	260.0	unstable	candidate state-associated metabolite (descriptive)
ME585877	Myoinositol	0.0	0.0	260.5	unstable	candidate state-associated metabolite (descriptive)
ME585787	CMP-2-aminoethylphosphonate	0.0	0.0	261.0	unstable	candidate state-associated metabolite (descriptive)
ME585890	N-Acetylmethionine	0.0	0.0	262.0	unstable	candidate state-associated metabolite (descriptive)
ME585846	Guanosine	0.0	0.0	263.0	unstable	candidate state-associated metabolite (descriptive)
ME585853	Hippurate	0.0	0.0	263.0	unstable	candidate state-associated metabolite (descriptive)
ME585934	Pentoses-2	0.0	0.0	263.0	unstable	candidate state-associated metabolite (descriptive)
ME585955	Pyruvate	0.0	0.0	263.5	unstable	candidate state-associated metabolite (descriptive)
ME585729	3-Hydroxymethylglutarate	0.0	0.0	264.0	unstable	candidate state-associated metabolite (descriptive)
