metabolite_id	metabolite_name	kruskal_p	fdr_q	cliffs_control_mild	cliffs_control_severe	cliffs_mild_severe	median_control	median_mild	median_severe	severity_pattern	descriptive_support	allowed_interpretation	prohibited_interpretation
ME585980	Thioproline	0.0	2e-06	0.5719	0.9231	0.6179	9505662.858	4534417.0275	1595537.508	monotonic_down	strong	candidate state-associated metabolite (descriptive)	biomarker / driver / cause / flux / clinical prediction / executed function
ME585814	Fucose 1-phosphate	0.0	2e-06	0.9193	0.8947	-0.0718	10358748.88	1366927.1155	1457050.8635	non_monotonic	strong	candidate state-associated metabolite (descriptive)	biomarker / driver / cause / flux / clinical prediction / executed function
ME585861	Hypoxanthine	0.0	2e-06	0.8105	0.8907	0.3872	538249322.9	161906880.1	94018450.575	monotonic_down	strong	candidate state-associated metabolite (descriptive)	biomarker / driver / cause / flux / clinical prediction / executed function
ME585810	Erythrose 4-phosphate	0.0	2e-06	-0.1228	0.8704	0.8077	579238.3574	919069.9047	13019.7079	non_monotonic	strong	candidate state-associated metabolite (descriptive)	biomarker / driver / cause / flux / clinical prediction / executed function
ME585757	Anserine	0.0	2e-06	0.4421	0.7814	0.7897	774015.173	136459.4563	7027.1221	monotonic_down	strong	candidate state-associated metabolite (descriptive)	biomarker / driver / cause / flux / clinical prediction / executed function
ME585822	Glucuronolactone	0.0	4e-06	-0.9123	-0.7611	0.3128	292145.5806	816234.6635	542571.8318	non_monotonic	strong	candidate state-associated metabolite (descriptive)	biomarker / driver / cause / flux / clinical prediction / executed function
ME585727	β-Hydroxycarnitine (6:0)	0.0	7e-06	-0.6175	-0.8664	-0.5256	5180451.304	8336851.595	12540406.6	monotonic_up	strong	candidate state-associated metabolite (descriptive)	biomarker / driver / cause / flux / clinical prediction / executed function
ME585854	Histamine	0.0	9e-06	0.7158	0.8988	0.2949	400173847.1	66658997.69	25218063.015	monotonic_down	strong	candidate state-associated metabolite (descriptive)	biomarker / driver / cause / flux / clinical prediction / executed function
ME585848	Guanosine diphosphate mannose	0.0	9e-06	0.5333	0.8583	0.5615	15681730.35	9688183.2305	6483860.4565	monotonic_down	strong	candidate state-associated metabolite (descriptive)	biomarker / driver / cause / flux / clinical prediction / executed function
ME585876	Methylguanine	0.0	9e-06	-0.2211	-0.8583	-0.6897	214078.8743	322822.8997	2400871.318	monotonic_up	strong	candidate state-associated metabolite (descriptive)	biomarker / driver / cause / flux / clinical prediction / executed function
ME585776	Carnitine (4:0)	0.0	9e-06	-0.6702	-0.8502	-0.4462	51146241.64	82753231.46	126617387.25	monotonic_up	strong	candidate state-associated metabolite (descriptive)	biomarker / driver / cause / flux / clinical prediction / executed function
ME585766	beta-Alanine	0.0	1e-05	-0.5053	-0.8745	-0.5333	166452991.4	270712262.35	589240898.2	monotonic_up	strong	candidate state-associated metabolite (descriptive)	biomarker / driver / cause / flux / clinical prediction / executed function
ME585800	Deoxycytidine monophosphate	0.0	1e-05	0.3298	0.8138	0.6795	1018920.812	750121.6564	365895.2961	monotonic_down	strong	candidate state-associated metabolite (descriptive)	biomarker / driver / cause / flux / clinical prediction / executed function
ME585744	Adenosine cyclic phosphate	1e-06	1.6e-05	0.7649	0.8421	0.2	636330.1337	282802.9666	189154.3238	monotonic_down	strong	candidate state-associated metabolite (descriptive)	biomarker / driver / cause / flux / clinical prediction / executed function
ME585791	Cystathionine	1e-06	1.7e-05	-0.3895	-0.8543	-0.5795	7082.5987	41940.6999	377607.7128	monotonic_up	strong	candidate state-associated metabolite (descriptive)	biomarker / driver / cause / flux / clinical prediction / executed function
ME585802	Deoxypentose monophosphates	1e-06	1.9e-05	-0.7158	-0.8704	-0.2026	514183.1873	1294309.1615	1495863.609	monotonic_up	strong	candidate state-associated metabolite (descriptive)	biomarker / driver / cause / flux / clinical prediction / executed function
ME585811	Fructose 6-phosphate	1e-06	2.1e-05	0.7825	0.83	-0.0436	68681532.91	23997261.65	25006790.285	non_monotonic	strong	candidate state-associated metabolite (descriptive)	biomarker / driver / cause / flux / clinical prediction / executed function
ME585931	PE (40:5)	2e-06	3.1e-05	-0.7965	-0.7814	0.0615	54835.3153	13189158.675	11559901.92	non_monotonic	strong	candidate state-associated metabolite (descriptive)	biomarker / driver / cause / flux / clinical prediction / executed function
ME585821	Glucose 6-phosphate	2e-06	3.1e-05	0.7649	0.7692	-0.2564	78237817.28	27124770.92	33058431.325	non_monotonic	strong	candidate state-associated metabolite (descriptive)	biomarker / driver / cause / flux / clinical prediction / executed function
ME585966	Sedoheptulose 7-phosphate	2e-06	3.2e-05	0.7614	0.7733	-0.2436	21659844.5	3898929.423	4734556.717	non_monotonic	strong	candidate state-associated metabolite (descriptive)	biomarker / driver / cause / flux / clinical prediction / executed function
ME585872	Malate	3e-06	3.5e-05	0.7193	0.8502	0.0436	781982580.5	299424160.7	321877515.1	non_monotonic	strong	candidate state-associated metabolite (descriptive)	biomarker / driver / cause / flux / clinical prediction / executed function
ME585945	PS (34:2)	4e-06	4.7e-05	-0.614	-0.83	-0.3256	2574518.739	10031947.292	14714429.61	monotonic_up	strong	candidate state-associated metabolite (descriptive)	biomarker / driver / cause / flux / clinical prediction / executed function
ME585879	N,N-Dimethylarginine	4e-06	5e-05	-0.1368	-0.7773	-0.641	75609245.43	81823013.28	114946414.45	monotonic_up	strong	candidate state-associated metabolite (descriptive)	biomarker / driver / cause / flux / clinical prediction / executed function
ME585789	Creatine	4e-06	5.3e-05	0.0175	-0.753	-0.6667	12137839896.0	10658749339.0	21148603809.5	non_monotonic	strong	candidate state-associated metabolite (descriptive)	biomarker / driver / cause / flux / clinical prediction / executed function
ME585845	Guanine	6e-06	6.7e-05	0.8246	0.6802	0.0231	8010396.089	4417797.1345	4545330.3645	non_monotonic	strong	candidate state-associated metabolite (descriptive)	biomarker / driver / cause / flux / clinical prediction / executed function
ME585832	Glutathione disulfide	6e-06	6.8e-05	0.6421	0.7935	0.2872	111366568.3	51836592.795	45429804.565	monotonic_down	strong	candidate state-associated metabolite (descriptive)	biomarker / driver / cause / flux / clinical prediction / executed function
ME585825	Glu-Pro	6e-06	6.8e-05	-0.593	-0.7692	-0.3974	4080551.097	5568935.394	7176841.8945	monotonic_up	strong	candidate state-associated metabolite (descriptive)	biomarker / driver / cause / flux / clinical prediction / executed function
ME585816	Gamma-aminobutyrate	7e-06	7.2e-05	-0.4246	-0.7976	-0.4897	25770109.7	37651220.885	56609925.955	monotonic_up	strong	candidate state-associated metabolite (descriptive)	biomarker / driver / cause / flux / clinical prediction / executed function
ME585901	Ophthalmate	9e-06	9.2e-05	-0.607	-0.8219	-0.2359	10069437.07	16501530.99	20811383.31	monotonic_up	strong	candidate state-associated metabolite (descriptive)	biomarker / driver / cause / flux / clinical prediction / executed function
ME585892	N-Acetylornithine	1e-05	9.4e-05	0.4316	0.8259	0.4256	1083666.828	358089.1582	125753.4629	monotonic_down	strong	candidate state-associated metabolite (descriptive)	biomarker / driver / cause / flux / clinical prediction / executed function
ME585939	Phosphorylcholine	1.1e-05	0.0001	-0.3158	-0.7814	-0.5333	3454854013.0	3680485763.0	6051727902.0	monotonic_up	strong	candidate state-associated metabolite (descriptive)	biomarker / driver / cause / flux / clinical prediction / executed function
ME585972	SM (36:2)	1.1e-05	0.000103	-0.6982	-0.4332	0.5308	34884238.22	83361700.35	56199578.865	non_monotonic	moderate	candidate state-associated metabolite (descriptive)	biomarker / driver / cause / flux / clinical prediction / executed function
ME585753	Allantoin	1.2e-05	0.000104	0.4877	0.7652	0.4462	1025560.96	297488.9126	83570.9835	monotonic_down	strong	candidate state-associated metabolite (descriptive)	biomarker / driver / cause / flux / clinical prediction / executed function
ME585804	Dihydrouracil	1.3e-05	0.000108	0.1158	-0.6883	-0.6538	1792649.042	1635598.91	3362197.576	non_monotonic	strong	candidate state-associated metabolite (descriptive)	biomarker / driver / cause / flux / clinical prediction / executed function
ME585756	Aminoisobutanoate	1.4e-05	0.000112	-0.5298	-0.7368	-0.4385	55991757.14	86506122.25	114558432.65	monotonic_up	strong	candidate state-associated metabolite (descriptive)	biomarker / driver / cause / flux / clinical prediction / executed function
ME585790	Creatinine	1.7e-05	0.000136	0.6526	0.7854	0.1077	381665853.6	110532384.3	79865702.005	monotonic_down	strong	candidate state-associated metabolite (descriptive)	biomarker / driver / cause / flux / clinical prediction / executed function
ME585922	PE (34:1)	1.8e-05	0.000139	-0.6702	-0.7773	-0.0256	12353298.85	31273654.53	32154630.04	monotonic_up	strong	candidate state-associated metabolite (descriptive)	biomarker / driver / cause / flux / clinical prediction / executed function
ME585792	Cysteate	2.1e-05	0.000162	-0.607	-0.753	-0.2718	625098.7531	1000364.2559	1088510.05	monotonic_up	strong	candidate state-associated metabolite (descriptive)	biomarker / driver / cause / flux / clinical prediction / executed function
ME585926	PE (36:3)	2.6e-05	0.000192	-0.6842	-0.7328	-0.0487	22563580.67	44929060.86	44126178.81	non_monotonic	strong	candidate state-associated metabolite (descriptive)	biomarker / driver / cause / flux / clinical prediction / executed function
ME585824	Glu-Glu	2.7e-05	0.000192	-0.0772	-0.6032	-0.6744	354686.0883	449410.6829	768107.6538	monotonic_up	strong	candidate state-associated metabolite (descriptive)	biomarker / driver / cause / flux / clinical prediction / executed function
ME585893	N-Acetylserine	3.2e-05	0.000225	0.7965	0.4696	-0.2641	171578675.7	106988410.4	120369252.45	non_monotonic	moderate	candidate state-associated metabolite (descriptive)	biomarker / driver / cause / flux / clinical prediction / executed function
ME585841	Glycylglutamine	3.8e-05	0.000258	-0.4351	-0.834	-0.2923	3733977492.0	7834975316.0	10092655772.0	monotonic_up	strong	candidate state-associated metabolite (descriptive)	biomarker / driver / cause / flux / clinical prediction / executed function
ME585910	PC (34:2)	4.3e-05	0.000288	-0.6561	-0.7328	0.0077	2859348143.0	4663061020.5	4437513842.5	non_monotonic	strong	candidate state-associated metabolite (descriptive)	biomarker / driver / cause / flux / clinical prediction / executed function
ME585806	dimethylglycine	4.8e-05	0.000306	-0.5719	-0.7814	-0.1462	29665074.47	96130585.095	104359870.5	monotonic_up	strong	candidate state-associated metabolite (descriptive)	biomarker / driver / cause / flux / clinical prediction / executed function
ME585895	NADH	4.8e-05	0.000306	0.5298	0.7287	0.3308	4394666.615	2587115.1815	1817451.7775	monotonic_down	strong	candidate state-associated metabolite (descriptive)	biomarker / driver / cause / flux / clinical prediction / executed function
ME585993	Uracil	5.2e-05	0.000324	-0.7088	-0.5142	0.3333	1698747.633	7516435.7305	3908011.2245	non_monotonic	strong	candidate state-associated metabolite (descriptive)	biomarker / driver / cause / flux / clinical prediction / executed function
ME585737	6-Phosphogluconate	6.3e-05	0.000382	0.6596	0.7004	-0.041	2506448.157	579044.1235	522456.1498	monotonic_down	strong	candidate state-associated metabolite (descriptive)	biomarker / driver / cause / flux / clinical prediction / executed function
ME585782	CDP-ethanolamine	6.5e-05	0.000391	0.7474	0.3968	-0.3436	42633091.38	28693351.755	35621483.575	non_monotonic	moderate	candidate state-associated metabolite (descriptive)	biomarker / driver / cause / flux / clinical prediction / executed function
ME585850	Hexose_RT7.2	7.5e-05	0.000439	0.5509	0.7206	0.2615	435152.9629	207866.8782	166485.2847	monotonic_down	strong	candidate state-associated metabolite (descriptive)	biomarker / driver / cause / flux / clinical prediction / executed function
ME585942	Platelet-activating factor	9.4e-05	0.000542	0.4526	0.7206	0.3538	309598153.5	204374892.2	131085265.4	monotonic_down	strong	candidate state-associated metabolite (descriptive)	biomarker / driver / cause / flux / clinical prediction / executed function
ME585921	P-DMEA	0.000117	0.000635	-0.1719	-0.7449	-0.4667	32620611.72	33017779.61	53133674.0	monotonic_up	strong	candidate state-associated metabolite (descriptive)	biomarker / driver / cause / flux / clinical prediction / executed function
ME585925	PE (36:2)	0.000113	0.000635	-0.5649	-0.7287	-0.1436	48552386.72	105225794.95	107767177.35	monotonic_up	strong	candidate state-associated metabolite (descriptive)	biomarker / driver / cause / flux / clinical prediction / executed function
ME585834	Glycerol 3-phosphate	0.000116	0.000635	0.586	-0.1498	-0.5744	3474452.917	1651529.98	4066588.132	non_monotonic	weak	candidate state-associated metabolite (descriptive)	biomarker / driver / cause / flux / clinical prediction / executed function
ME585998	Uridine triphosphate	0.000123	0.000655	0.6491	0.6559	0.0744	39406009.81	23991133.145	22862287.985	monotonic_down	strong	candidate state-associated metabolite (descriptive)	biomarker / driver / cause / flux / clinical prediction / executed function
ME585963	Salicylamide	0.000131	0.000681	-0.2632	0.498	0.6154	2507073.423	3231678.4965	1239594.84	non_monotonic	strong	candidate state-associated metabolite (descriptive)	biomarker / driver / cause / flux / clinical prediction / executed function
ME585958	Ribulose/Ribose/Xylulose 5-phosphate	0.000135	0.00069	0.7088	0.5506	-0.141	5318632.879	1760222.036	2141078.6715	non_monotonic	strong	candidate state-associated metabolite (descriptive)	biomarker / driver / cause / flux / clinical prediction / executed function
ME585741	Acetylcholine	0.000142	0.000713	-0.3018	-0.7004	-0.4462	800841722.5	897668648.2	1408788626.0	monotonic_up	strong	candidate state-associated metabolite (descriptive)	biomarker / driver / cause / flux / clinical prediction / executed function
ME585997	Uridine monophosphate	0.00015	0.000743	-0.1719	-0.6235	-0.5538	1389956.272	1637785.814	2320396.204	monotonic_up	strong	candidate state-associated metabolite (descriptive)	biomarker / driver / cause / flux / clinical prediction / executed function
ME585949	PS (38:5)	0.000161	0.000783	-0.5158	0.0769	0.6077	35224896.72	56631455.585	30011669.095	non_monotonic	weak	candidate state-associated metabolite (descriptive)	biomarker / driver / cause / flux / clinical prediction / executed function
ME585912	PC (36:2)	0.000167	0.0008	-0.5158	-0.7166	-0.2128	3062209709.0	5263321197.0	6118252957.0	monotonic_up	strong	candidate state-associated metabolite (descriptive)	biomarker / driver / cause / flux / clinical prediction / executed function
ME585909	PC (34:1)	0.000175	0.000823	-0.5544	-0.7368	-0.0179	4417306220.0	8502343647.0	7929616703.5	non_monotonic	strong	candidate state-associated metabolite (descriptive)	biomarker / driver / cause / flux / clinical prediction / executed function
ME585923	PE (34:2)	0.000187	0.000864	-0.6456	-0.6113	0.1385	7773577.495	21974400.845	19209619.565	non_monotonic	strong	candidate state-associated metabolite (descriptive)	biomarker / driver / cause / flux / clinical prediction / executed function
ME585826	Glutamate	0.0002	0.000911	-0.3368	-0.7004	-0.4	2467467929.0	2839320703.0	3262283200.5	monotonic_up	strong	candidate state-associated metabolite (descriptive)	biomarker / driver / cause / flux / clinical prediction / executed function
ME585951	PS (40:5)	0.000208	0.000931	-0.6351	-0.6113	0.1538	48660823.08	133959426.4	107609067.45	non_monotonic	strong	candidate state-associated metabolite (descriptive)	biomarker / driver / cause / flux / clinical prediction / executed function
ME585738	6-Phosphonogluconolactone	0.000215	0.000935	0.6421	0.6235	-0.0333	498058.5832	8196.6031	9985.421	non_monotonic	strong	candidate state-associated metabolite (descriptive)	biomarker / driver / cause / flux / clinical prediction / executed function
ME585829	glutamyllysine	0.000214	0.000935	-0.5333	0.0607	0.5821	13230549.19	46346954.475	13445807.165	non_monotonic	weak	candidate state-associated metabolite (descriptive)	biomarker / driver / cause / flux / clinical prediction / executed function
ME585999	Valine	0.000225	0.000965	0.6281	0.6154	-0.1487	111089064.6	56848963.25	66559194.6	non_monotonic	strong	candidate state-associated metabolite (descriptive)	biomarker / driver / cause / flux / clinical prediction / executed function
ME585907	PC (32:1)	0.000249	0.001024	-0.5754	-0.6883	-0.0026	235149338.1	342263724.7	341283839.3	non_monotonic	strong	candidate state-associated metabolite (descriptive)	biomarker / driver / cause / flux / clinical prediction / executed function
ME585878	N,N,N-Trimethyllysine	0.00025	0.001024	0.6912	0.417	-0.2821	40357608.29	22132017.6	32313074.82	non_monotonic	moderate	candidate state-associated metabolite (descriptive)	biomarker / driver / cause / flux / clinical prediction / executed function
ME585940	PI (32:0)	0.000243	0.001024	-0.5123	0.0466	0.5897	17765443.41	28106824.625	14298179.085	non_monotonic	weak	candidate state-associated metabolite (descriptive)	biomarker / driver / cause / flux / clinical prediction / executed function
ME585860	Hypotaurine	0.000286	0.001154	0.214	-0.4615	-0.6026	697021948.6	632131391.7	1384268051.5	non_monotonic	moderate	candidate state-associated metabolite (descriptive)	biomarker / driver / cause / flux / clinical prediction / executed function
ME585849	Guanosine monophosphate	0.000295	0.001176	-0.4596	-0.6518	-0.3308	1509808.277	2216432.3805	2985503.552	monotonic_up	strong	candidate state-associated metabolite (descriptive)	biomarker / driver / cause / flux / clinical prediction / executed function
ME585906	PC (32:0)	0.000323	0.001268	-0.4596	-0.753	-0.1256	243196398.0	884727901.95	954270186.75	monotonic_up	strong	candidate state-associated metabolite (descriptive)	biomarker / driver / cause / flux / clinical prediction / executed function
ME585759	Arginine	0.000335	0.001298	0.2246	0.6194	0.4923	963473895.9	863432566.35	629706336.15	monotonic_down	strong	candidate state-associated metabolite (descriptive)	biomarker / driver / cause / flux / clinical prediction / executed function
ME585840	Glycineamideribotide	0.000369	0.001413	-0.6281	-0.5223	0.2385	4930.6151	127497.4224	23451.7812	non_monotonic	strong	candidate state-associated metabolite (descriptive)	biomarker / driver / cause / flux / clinical prediction / executed function
ME585851	Hexose_RT7.7	0.000392	0.001482	-0.6526	-0.2874	0.3821	3989453.008	13230549.19	5685566.5845	non_monotonic	weak	candidate state-associated metabolite (descriptive)	biomarker / driver / cause / flux / clinical prediction / executed function
ME585839	Glycine	0.000421	0.001571	0.4035	-0.2591	-0.5872	95325866.4	80037727.735	109584666.9	non_monotonic	weak	candidate state-associated metabolite (descriptive)	biomarker / driver / cause / flux / clinical prediction / executed function
ME585838	Glycerophosphoinositol	0.000438	0.001613	0.4982	-0.1215	-0.559	8374509.681	5775338.1095	8452245.444	non_monotonic	weak	candidate state-associated metabolite (descriptive)	biomarker / driver / cause / flux / clinical prediction / executed function
ME585730	3-Hydroxypyruvate	0.000458	0.001657	0.207	0.5547	0.5308	2582586.976	1715155.3445	1107473.2435	monotonic_down	strong	candidate state-associated metabolite (descriptive)	biomarker / driver / cause / flux / clinical prediction / executed function
ME585749	AICAR	0.000462	0.001657	-0.6596	-0.336	0.3308	15153.7821	63624.6704	17556.7476	non_monotonic	moderate	candidate state-associated metabolite (descriptive)	biomarker / driver / cause / flux / clinical prediction / executed function
ME585722	2-Methylmaleate	0.000552	0.001943	0.2281	0.6559	0.4205	17017678.78	14222816.85	10020112.8335	monotonic_down	strong	candidate state-associated metabolite (descriptive)	biomarker / driver / cause / flux / clinical prediction / executed function
ME585896	NADP+	0.000555	0.001943	0.2561	0.6437	0.4205	9567990.563	7313222.0985	5132405.8135	monotonic_down	strong	candidate state-associated metabolite (descriptive)	biomarker / driver / cause / flux / clinical prediction / executed function
ME585717	3-Methylhistidine	0.000563	0.001947	-0.2	0.4211	0.5872	32381514.24	65658037.405	11059751.17	non_monotonic	moderate	candidate state-associated metabolite (descriptive)	biomarker / driver / cause / flux / clinical prediction / executed function
ME585982	Threonate	0.000609	0.002081	0.4842	0.6275	0.2513	845716970.7	614615410.5	491062606.15	monotonic_down	strong	candidate state-associated metabolite (descriptive)	biomarker / driver / cause / flux / clinical prediction / executed function
ME585843	Guanidinoacetate	0.000634	0.002093	0.5404	0.6397	0.0769	205386971.0	72620217.13	57475933.285	monotonic_down	strong	candidate state-associated metabolite (descriptive)	biomarker / driver / cause / flux / clinical prediction / executed function
ME585724	β-Hydroxycarnitine (16:0)	0.000624	0.002093	-0.0351	-0.5263	-0.5513	4822011.944	5103725.6875	8134767.25	monotonic_up	strong	candidate state-associated metabolite (descriptive)	biomarker / driver / cause / flux / clinical prediction / executed function
ME585928	PE (38:4)	0.000635	0.002093	-0.586	-0.4939	0.2872	37172973.75	82354619.88	67480720.66	non_monotonic	strong	candidate state-associated metabolite (descriptive)	biomarker / driver / cause / flux / clinical prediction / executed function
ME585883	N-Acetylcitrulline	0.000663	0.002162	-0.5965	-0.0729	0.4615	420551.1118	1685350.8345	687613.9652	non_monotonic	weak	candidate state-associated metabolite (descriptive)	biomarker / driver / cause / flux / clinical prediction / executed function
ME585988	Tyr-Arg	0.000721	0.002325	-0.6596	0.0526	0.4154	788013.7784	1317593.8555	643954.9169	non_monotonic	weak	candidate state-associated metabolite (descriptive)	biomarker / driver / cause / flux / clinical prediction / executed function
ME585857	Homovanillate	0.000819	0.002583	-0.4491	-0.6397	-0.2359	1031845.317	1316560.7715	1645568.9895	monotonic_up	strong	candidate state-associated metabolite (descriptive)	biomarker / driver / cause / flux / clinical prediction / executed function
ME585859	Hydroxyphenyllactate	0.000819	0.002583	-0.4491	-0.6397	-0.2359	1031845.317	1316560.7715	1645568.9895	monotonic_up	strong	candidate state-associated metabolite (descriptive)	biomarker / driver / cause / flux / clinical prediction / executed function
ME585924	PE (36:1)	0.000988	0.003081	-0.5088	-0.6437	-0.0282	56330915.4	111710572.55	119792681.6	monotonic_up	strong	candidate state-associated metabolite (descriptive)	biomarker / driver / cause / flux / clinical prediction / executed function
ME585870	Leu-Val	0.001014	0.00313	-0.4982	0.0364	0.5154	3405142.407	5767956.828	3704971.752	non_monotonic	weak	candidate state-associated metabolite (descriptive)	biomarker / driver / cause / flux / clinical prediction / executed function
ME585746	Adenosine monophosphate	0.001092	0.003298	-0.5825	-0.5547	-0.0359	61761214.11	93001655.01	94912313.32	monotonic_up	strong	candidate state-associated metabolite (descriptive)	biomarker / driver / cause / flux / clinical prediction / executed function
ME585856	Homoarginine	0.001086	0.003298	0.1719	-0.502	-0.5179	3684383.438	3071212.978	4568605.8765	non_monotonic	strong	candidate state-associated metabolite (descriptive)	biomarker / driver / cause / flux / clinical prediction / executed function
ME585918	PC (40:5)	0.001106	0.003307	-0.5158	-0.5992	-0.1462	102707474.3	151191788.3	163041149.95	monotonic_up	strong	candidate state-associated metabolite (descriptive)	biomarker / driver / cause / flux / clinical prediction / executed function
ME585732	4alpha-Hydroxyformyl-4beta-methyl-5alpha-cholest-8-en-3beta-ol	0.001365	0.004038	0.2667	0.5992	0.3872	4605818.485	3397262.5885	1653435.8645	monotonic_down	strong	candidate state-associated metabolite (descriptive)	biomarker / driver / cause / flux / clinical prediction / executed function
ME585803	Deoxyribose	0.001536	0.004453	-0.607	-0.3765	0.2487	974816.5519	1579308.069	1184719.565	non_monotonic	moderate	candidate state-associated metabolite (descriptive)	biomarker / driver / cause / flux / clinical prediction / executed function
ME585929	PE (38:5)	0.001532	0.004453	-0.4596	0.1498	0.5051	30380052.35	53192715.315	22901411.445	non_monotonic	weak	candidate state-associated metabolite (descriptive)	biomarker / driver / cause / flux / clinical prediction / executed function
ME585985	trans-Aconitate	0.001712	0.004876	0.5228	0.583	-0.0205	114613011.1	82802989.62	79323917.205	monotonic_down	strong	candidate state-associated metabolite (descriptive)	biomarker / driver / cause / flux / clinical prediction / executed function
ME585956	Quinolinate	0.001716	0.004876	-0.4175	-0.5749	-0.2846	504448.6893	982773.7578	1880923.9335	monotonic_up	strong	candidate state-associated metabolite (descriptive)	biomarker / driver / cause / flux / clinical prediction / executed function
ME585881	N-Acetylalanine	0.001745	0.004909	0.3333	-0.2186	-0.5487	6721395.144	5615349.087	7775891.134	non_monotonic	weak	candidate state-associated metabolite (descriptive)	biomarker / driver / cause / flux / clinical prediction / executed function
ME585970	SM (34:1)	0.001825	0.005036	-0.4281	-0.668	-0.0487	1435471870.0	3308441075.5	3059681275.5	non_monotonic	strong	candidate state-associated metabolite (descriptive)	biomarker / driver / cause / flux / clinical prediction / executed function
ME585733	4-Guanidinobutanoate	0.001815	0.005036	0.586	0.4251	-0.2128	13658576.24	3539285.92	6432333.441	non_monotonic	moderate	candidate state-associated metabolite (descriptive)	biomarker / driver / cause / flux / clinical prediction / executed function
ME585952	PS (40:6)	0.001913	0.005229	-0.5263	-0.1903	0.4282	67174056.62	141051034.6	88935298.665	non_monotonic	weak	candidate state-associated metabolite (descriptive)	biomarker / driver / cause / flux / clinical prediction / executed function
ME585953	PS (40:7)	0.001983	0.00537	-0.3579	0.1984	0.5346	8583775.961	11666509.16	5367204.04	non_monotonic	weak	candidate state-associated metabolite (descriptive)	biomarker / driver / cause / flux / clinical prediction / executed function
ME585815	Galacturonate	0.002219	0.005952	0.0281	-0.5142	-0.4795	2539638.031	2103049.2605	3868820.175	non_monotonic	strong	candidate state-associated metabolite (descriptive)	biomarker / driver / cause / flux / clinical prediction / executed function
ME585898	N-Formylmethionine	0.00224	0.005952	0.207	-0.4413	-0.4974	2473361.888	2341680.1055	3287184.8015	non_monotonic	moderate	candidate state-associated metabolite (descriptive)	biomarker / driver / cause / flux / clinical prediction / executed function
ME585971	SM (36:1)	0.002287	0.006022	-0.4596	-0.6275	0.0256	7461564.611	30822549.855	21175612.93	non_monotonic	strong	candidate state-associated metabolite (descriptive)	biomarker / driver / cause / flux / clinical prediction / executed function
ME585823	Glu-Gln	0.002342	0.006055	0.5789	0.4413	-0.159	13560149.42	7774485.062	8805295.0535	non_monotonic	moderate	candidate state-associated metabolite (descriptive)	biomarker / driver / cause / flux / clinical prediction / executed function
ME585937	Phosphoenolpyruvate	0.002321	0.006055	-0.4491	0.085	0.4923	10703221.48	13972334.51	9907647.9495	non_monotonic	weak	candidate state-associated metabolite (descriptive)	biomarker / driver / cause / flux / clinical prediction / executed function
ME585864	Inosine monophosphate	0.002438	0.006193	0.5754	0.4636	-0.1128	13230549.19	5850387.3755	6812425.866	non_monotonic	moderate	candidate state-associated metabolite (descriptive)	biomarker / driver / cause / flux / clinical prediction / executed function
ME585961	S-Adenosylmethionine	0.002422	0.006193	0.6351	0.2024	-0.2769	69478863.89	45092797.99	56987021.425	non_monotonic	weak	candidate state-associated metabolite (descriptive)	biomarker / driver / cause / flux / clinical prediction / executed function
ME585976	Sphingosine	0.002512	0.00627	-0.4351	-0.5789	-0.1974	51667040.85	74094035.27	75680072.715	monotonic_up	strong	candidate state-associated metabolite (descriptive)	biomarker / driver / cause / flux / clinical prediction / executed function
ME585852	Hexose_RT8.7	0.002506	0.00627	-0.5684	-0.4939	-0.0051	2582776.289	6112306.8	6663822.7305	monotonic_up	strong	candidate state-associated metabolite (descriptive)	biomarker / driver / cause / flux / clinical prediction / executed function
ME585820	Glucosamine 6-sulfate	0.002661	0.006584	-0.2737	-0.5344	-0.3923	27865509.12	36771679.525	42861197.935	monotonic_up	strong	candidate state-associated metabolite (descriptive)	biomarker / driver / cause / flux / clinical prediction / executed function
ME585957	Ribose	0.002688	0.006593	-0.5754	-0.4413	0.1385	839713.4558	1440793.0305	1229952.852	non_monotonic	moderate	candidate state-associated metabolite (descriptive)	biomarker / driver / cause / flux / clinical prediction / executed function
ME585977	Stachydrine	0.002758	0.006708	-0.0912	0.4089	0.5205	403676061.3	552381574.7	81452921.15	non_monotonic	moderate	candidate state-associated metabolite (descriptive)	biomarker / driver / cause / flux / clinical prediction / executed function
ME585947	PS (36:4)	0.002786	0.006719	-0.5404	-0.3806	0.2846	4567806.239	7991371.705	6582062.127	non_monotonic	moderate	candidate state-associated metabolite (descriptive)	biomarker / driver / cause / flux / clinical prediction / executed function
ME585715	1,3/ 2,3-Bisphosphoglycerate	0.002957	0.007073	0.1649	0.5304	0.4256	2005103.349	925679.3586	217054.7613	monotonic_down	strong	candidate state-associated metabolite (descriptive)	biomarker / driver / cause / flux / clinical prediction / executed function
ME585771	Carnitine (10:0)	0.003102	0.007239	-0.3754	-0.6113	-0.1897	3803782.892	6427146.3065	8261418.687	monotonic_up	strong	candidate state-associated metabolite (descriptive)	biomarker / driver / cause / flux / clinical prediction / executed function
ME585775	Carnitine (3:0)	0.00309	0.007239	-0.386	-0.5911	-0.2128	1088846763.0	1411848207.0	1819827671.5	monotonic_up	strong	candidate state-associated metabolite (descriptive)	biomarker / driver / cause / flux / clinical prediction / executed function
ME585891	N-Acetylneuraminate	0.003085	0.007239	-0.5719	-0.1741	0.3436	3288880.922	6017357.8235	4215272.0605	non_monotonic	weak	candidate state-associated metabolite (descriptive)	biomarker / driver / cause / flux / clinical prediction / executed function
ME585994	Urate	0.003177	0.007352	0.5053	0.5101	-0.1744	153503255.3	50786582.02	73692776.05	non_monotonic	strong	candidate state-associated metabolite (descriptive)	biomarker / driver / cause / flux / clinical prediction / executed function
ME585944	propionylcholine	0.003322	0.007627	-0.5298	-0.5101	0.0282	53937505.9	180530924.65	181167894.7	monotonic_up	strong	candidate state-associated metabolite (descriptive)	biomarker / driver / cause / flux / clinical prediction / executed function
ME585758	Arg-Ala	0.00337	0.007676	-0.4246	-0.0486	0.4897	20052269.87	38659534.845	20707192.04	non_monotonic	weak	candidate state-associated metabolite (descriptive)	biomarker / driver / cause / flux / clinical prediction / executed function
ME585778	Carnitine (6:0)	0.003546	0.007955	-0.3684	-0.583	-0.2282	31664269.02	41451235.885	50538654.515	monotonic_up	strong	candidate state-associated metabolite (descriptive)	biomarker / driver / cause / flux / clinical prediction / executed function
ME585731	3-Methyl-2-oxovalerate	0.003567	0.007955	-0.4632	-0.17	0.4436	40264732.51	85850411.415	42308260.68	non_monotonic	weak	candidate state-associated metabolite (descriptive)	biomarker / driver / cause / flux / clinical prediction / executed function
ME585981	Thr-Arg	0.003576	0.007955	-0.4421	-0.1377	0.4667	2076049.211	3678898.967	2240810.787	non_monotonic	weak	candidate state-associated metabolite (descriptive)	biomarker / driver / cause / flux / clinical prediction / executed function
ME585946	PS (36:1)	0.00361	0.00797	-0.3825	-0.6316	-0.1051	352365045.9	2125652736.0	1975695415.0	non_monotonic	strong	candidate state-associated metabolite (descriptive)	biomarker / driver / cause / flux / clinical prediction / executed function
ME585927	PE (38:1)	0.003965	0.008687	-0.5158	-0.4777	0.1538	50168070.51	124430133.15	96294009.91	non_monotonic	strong	candidate state-associated metabolite (descriptive)	biomarker / driver / cause / flux / clinical prediction / executed function
ME585920	PC (40:8)	0.004192	0.009114	0.1684	0.587	0.3436	11550559.94	7496435.7455	5764346.9015	monotonic_down	strong	candidate state-associated metabolite (descriptive)	biomarker / driver / cause / flux / clinical prediction / executed function
ME585858	Hydroxycitrate	0.004307	0.009295	0.3123	0.5385	0.3179	96820793.14	64721395.595	44371677.18	monotonic_down	strong	candidate state-associated metabolite (descriptive)	biomarker / driver / cause / flux / clinical prediction / executed function
ME585917	PC (40:4)	0.005272	0.011125	-0.3789	-0.5951	-0.1179	48373933.19	64477909.175	73003479.31	monotonic_up	moderate	candidate state-associated metabolite (descriptive)	biomarker / driver / cause / flux / clinical prediction / executed function
ME585837	Glycerophosphoglycerol	0.005265	0.011125	-0.207	-0.5911	-0.3	2773545.124	5282100.2135	7951768.082	monotonic_up	moderate	candidate state-associated metabolite (descriptive)	biomarker / driver / cause / flux / clinical prediction / executed function
ME585962	SAICA	0.005266	0.011125	-0.5228	-0.4615	-0.1205	745710.9749	2786786.178	3815584.419	monotonic_up	moderate	candidate state-associated metabolite (descriptive)	biomarker / driver / cause / flux / clinical prediction / executed function
ME585847	Guanosine diphosphate	0.005379	0.011269	0.2351	0.5304	0.3487	9794110.025	8474344.5705	6796871.4725	monotonic_down	moderate	candidate state-associated metabolite (descriptive)	biomarker / driver / cause / flux / clinical prediction / executed function
ME585862	Indoxyl sulfate	0.005716	0.011888	0.4	0.5466	0.1718	1191302.935	536123.3183	440730.2872	monotonic_down	moderate	candidate state-associated metabolite (descriptive)	biomarker / driver / cause / flux / clinical prediction / executed function
ME585995	Uridine	0.005856	0.012091	0.4807	0.0688	-0.4026	2569317.81	1765374.7595	2572953.6255	non_monotonic	weak	candidate state-associated metabolite (descriptive)	biomarker / driver / cause / flux / clinical prediction / executed function
ME585833	DHAP-isomer	0.005966	0.012143	-0.1579	-0.5304	-0.3692	1982473.971	2379421.595	5324309.965	monotonic_up	moderate	candidate state-associated metabolite (descriptive)	biomarker / driver / cause / flux / clinical prediction / executed function
ME585865	Itaconate	0.00593	0.012143	0.4842	0.502	0.0487	10321676.6	7490569.0165	7214390.8005	monotonic_down	moderate	candidate state-associated metabolite (descriptive)	biomarker / driver / cause / flux / clinical prediction / executed function
ME585786	Citrulline	0.006195	0.01252	0.214	0.5749	0.2974	189258086.1	144934153.05	120440441.55	monotonic_down	moderate	candidate state-associated metabolite (descriptive)	biomarker / driver / cause / flux / clinical prediction / executed function
ME585748	ADP-ribose	0.006268	0.012579	-0.2281	-0.4777	-0.3897	639722.2922	896309.7263	1428319.78	monotonic_up	moderate	candidate state-associated metabolite (descriptive)	biomarker / driver / cause / flux / clinical prediction / executed function
ME585725	β-Hydroxycarnitine (4:0)	0.006411	0.012778	-0.0526	-0.4818	-0.4231	86721803.64	83810429.035	137424383.65	non_monotonic	moderate	candidate state-associated metabolite (descriptive)	biomarker / driver / cause / flux / clinical prediction / executed function
ME585728	β-Hydroxycarnitine (8:0)	0.006542	0.012884	0.2877	-0.2591	-0.4744	9366445.652	7784594.826	12810640.35	non_monotonic	weak	candidate state-associated metabolite (descriptive)	biomarker / driver / cause / flux / clinical prediction / executed function
ME585882	N-Acetylasparagine	0.006554	0.012884	-0.3158	0.2551	0.4641	4608391.996	5625472.903	3274605.783	non_monotonic	weak	candidate state-associated metabolite (descriptive)	biomarker / driver / cause / flux / clinical prediction / executed function
ME585919	PC (40:6)	0.006799	0.013258	-0.4526	-0.502	-0.1282	93095199.51	110151285.9	113792335.9	monotonic_up	moderate	candidate state-associated metabolite (descriptive)	biomarker / driver / cause / flux / clinical prediction / executed function
ME585868	Leucine/Isoleucine	0.006837	0.013258	0.4807	0.4899	-0.0667	328629052.8	193575301.05	238370941.55	non_monotonic	moderate	candidate state-associated metabolite (descriptive)	biomarker / driver / cause / flux / clinical prediction / executed function
ME585752	Ala-Tyr	0.007295	0.01404	-0.1158	0.3765	0.4692	280205.2095	369517.8389	84355.7451	non_monotonic	moderate	candidate state-associated metabolite (descriptive)	biomarker / driver / cause / flux / clinical prediction / executed function
ME585855	Histidine	0.007338	0.01404	0.5333	0.2146	-0.2872	339701639.1	192600757.9	331752478.35	non_monotonic	weak	candidate state-associated metabolite (descriptive)	biomarker / driver / cause / flux / clinical prediction / executed function
ME585979	Taurocyamine	0.007592	0.01443	0.0982	-0.4211	-0.4462	5084553.53	4585114.087	11100820.35	non_monotonic	moderate	candidate state-associated metabolite (descriptive)	biomarker / driver / cause / flux / clinical prediction / executed function
ME585884	N-Acetylcysteine	0.008037	0.015175	0.5614	0.3522	-0.0897	434397.1839	195882.2728	211653.0241	non_monotonic	moderate	candidate state-associated metabolite (descriptive)	biomarker / driver / cause / flux / clinical prediction / executed function
ME585989	Tyrosine	0.008386	0.01573	0.3263	0.5668	0.1744	129935478.4	107986592.6	92337804.365	monotonic_down	moderate	candidate state-associated metabolite (descriptive)	biomarker / driver / cause / flux / clinical prediction / executed function
ME585721	2-Mannosyl-3-phosphoglycerate	0.00847	0.015786	0.5193	0.3846	-0.1385	6864276.121	2741134.6665	4917512.4995	non_monotonic	moderate	candidate state-associated metabolite (descriptive)	biomarker / driver / cause / flux / clinical prediction / executed function
ME585904	Orotidine	0.009117	0.016881	-0.4386	-0.5101	-0.0205	252049.7202	550180.2349	491529.586	non_monotonic	moderate	candidate state-associated metabolite (descriptive)	biomarker / driver / cause / flux / clinical prediction / executed function
ME585936	Phosphocreatine	0.009449	0.017384	0.0561	-0.4534	-0.4154	12201.4771	11596.9229	55597.8267	non_monotonic	moderate	candidate state-associated metabolite (descriptive)	biomarker / driver / cause / flux / clinical prediction / executed function
ME585842	Gly-Leu	0.009934	0.018159	-0.1298	0.3198	0.4718	1275121.301	1478855.0395	1088990.161	non_monotonic	weak	candidate state-associated metabolite (descriptive)	biomarker / driver / cause / flux / clinical prediction / executed function
ME585911	PC (36:1)	0.010222	0.018568	-0.4105	-0.5304	0.0821	553196497.3	1721668199.5	1253459867.0	non_monotonic	moderate	candidate state-associated metabolite (descriptive)	biomarker / driver / cause / flux / clinical prediction / executed function
ME585863	Inosine	0.010448	0.01886	0.3719	0.0081	-0.4436	1253234.323	916919.0018	1768987.5735	non_monotonic	weak	candidate state-associated metabolite (descriptive)	biomarker / driver / cause / flux / clinical prediction / executed function
ME585894	NAD+	0.010645	0.019094	0.0561	-0.4211	-0.4256	39934558.08	36902296.465	55622247.655	non_monotonic	moderate	candidate state-associated metabolite (descriptive)	biomarker / driver / cause / flux / clinical prediction / executed function
ME585801	Deoxyguanosine diphosphate	0.010889	0.019412	0.3509	0.4858	0.2385	63428603.8	47678137.06	40471450.11	monotonic_down	moderate	candidate state-associated metabolite (descriptive)	biomarker / driver / cause / flux / clinical prediction / executed function
ME585969	SM (32:1)	0.011839	0.020974	-0.3333	0.0769	0.4513	293829595.4	406273486.0	290789837.3	non_monotonic	weak	candidate state-associated metabolite (descriptive)	biomarker / driver / cause / flux / clinical prediction / executed function
ME585723	β-Hydroxycarnitine (14:0)	0.012433	0.021892	0.1368	-0.3765	-0.4282	7874918.05	6747442.451	9738048.9045	non_monotonic	moderate	candidate state-associated metabolite (descriptive)	biomarker / driver / cause / flux / clinical prediction / executed function
ME585784	cis-4-Hydroxyproline	0.012767	0.022343	-0.1018	-0.4332	-0.3974	21492866.27	24368142.89	33396885.435	monotonic_up	moderate	candidate state-associated metabolite (descriptive)	biomarker / driver / cause / flux / clinical prediction / executed function
ME585740	Acetylcarnitine	0.013259	0.023062	-0.3404	0.0324	0.4436	472207.3111	1016362.7321	573373.7918	non_monotonic	weak	candidate state-associated metabolite (descriptive)	biomarker / driver / cause / flux / clinical prediction / executed function
ME585750	Ala-Leu	0.013639	0.023581	-0.3088	0.1134	0.4487	1373886.819	1732894.366	1298166.5755	non_monotonic	weak	candidate state-associated metabolite (descriptive)	biomarker / driver / cause / flux / clinical prediction / executed function
ME585866	Kynurenine	0.015139	0.026018	0.4912	0.1984	-0.2667	9599673.365	4545898.0745	7206475.3185	non_monotonic	weak	candidate state-associated metabolite (descriptive)	biomarker / driver / cause / flux / clinical prediction / executed function
ME585794	Cytidine	0.015654	0.026743	0.4561	0.4008	-0.1333	85574.4018	7796.6041	34583.6658	non_monotonic	moderate	candidate state-associated metabolite (descriptive)	biomarker / driver / cause / flux / clinical prediction / executed function
ME585991	UDP-glucose	0.01648	0.027986	0.2877	-0.1822	-0.4308	186041714.4	160292011.65	193378553.95	non_monotonic	weak	candidate state-associated metabolite (descriptive)	biomarker / driver / cause / flux / clinical prediction / executed function
ME585770	Carnitine	0.017129	0.028917	-0.4351	-0.4332	-0.0974	4945473956.0	6302489423.5	7388685635.0	monotonic_up	moderate	candidate state-associated metabolite (descriptive)	biomarker / driver / cause / flux / clinical prediction / executed function
ME585785	Citicoline	0.017513	0.029393	0.4982	0.3279	-0.1179	10456368.36	7354881.0115	8421480.163	non_monotonic	weak	candidate state-associated metabolite (descriptive)	biomarker / driver / cause / flux / clinical prediction / executed function
ME585948	PS (38:3)	0.018288	0.030516	-0.1544	-0.6275	-0.1436	20728510.25	83141195.115	114469408.2	monotonic_up	moderate	candidate state-associated metabolite (descriptive)	biomarker / driver / cause / flux / clinical prediction / executed function
ME585950	PS (38:6)	0.019002	0.031523	-0.4035	-0.0202	0.3718	4457791.478	8748318.4195	5425551.962	non_monotonic	weak	candidate state-associated metabolite (descriptive)	biomarker / driver / cause / flux / clinical prediction / executed function
ME585932	PE (40:7)	0.020184	0.033292	-0.1789	0.4089	0.3692	4007273.873	7208373.447	897157.0959	non_monotonic	moderate	candidate state-associated metabolite (descriptive)	biomarker / driver / cause / flux / clinical prediction / executed function
ME585745	Adenosine diphosphate	0.021158	0.034698	0.2421	0.4777	0.2513	182910820.1	158232359.25	141857212.15	monotonic_down	moderate	candidate state-associated metabolite (descriptive)	biomarker / driver / cause / flux / clinical prediction / executed function
ME585874	Methionine	0.022613	0.036875	0.4561	0.2753	-0.2154	39464881.61	22146060.605	29747853.385	non_monotonic	weak	candidate state-associated metabolite (descriptive)	biomarker / driver / cause / flux / clinical prediction / executed function
ME585777	Carnitine (5:0)	0.023833	0.038644	-0.4246	-0.1862	0.3	36372614.32	100398826.705	48280775.325	non_monotonic	weak	candidate state-associated metabolite (descriptive)	biomarker / driver / cause / flux / clinical prediction / executed function
ME585930	PE (38:6)	0.02424	0.039084	-0.2632	0.2713	0.3872	13230549.19	24123840.86	7796457.9115	non_monotonic	weak	candidate state-associated metabolite (descriptive)	biomarker / driver / cause / flux / clinical prediction / executed function
ME585817	Glu-Asp	0.024489	0.039264	0.0737	0.4656	0.3179	5970975.579	5251298.401	3157697.4745	monotonic_down	moderate	candidate state-associated metabolite (descriptive)	biomarker / driver / cause / flux / clinical prediction / executed function
ME585913	PC (36:4)	0.024996	0.039854	-0.3298	0.166	0.3821	1049968816.0	1215274251.0	962331029.7	non_monotonic	weak	candidate state-associated metabolite (descriptive)	biomarker / driver / cause / flux / clinical prediction / executed function
ME585916	PC (38:5)	0.029526	0.046817	-0.2105	0.2267	0.4051	354909371.2	384065519.75	332099140.3	non_monotonic	weak	candidate state-associated metabolite (descriptive)	biomarker / driver / cause / flux / clinical prediction / executed function
ME585718	2-/3-Phosphoglycerate	0.029863	0.047092	-0.4175	-0.1093	0.3051	8835056.893	13259408.48	8863814.6545	non_monotonic	weak	candidate state-associated metabolite (descriptive)	biomarker / driver / cause / flux / clinical prediction / executed function
ME585903	Orotate	0.030167	0.047311	0.1509	0.4089	0.3256	86602230.21	66676422.45	44118975.475	monotonic_down	moderate	candidate state-associated metabolite (descriptive)	biomarker / driver / cause / flux / clinical prediction / executed function
ME585902	Ornithine	0.032571	0.050803	-0.0246	-0.3603	-0.3744	250218843.4	239655737.55	294552759.0	non_monotonic	ns	candidate state-associated metabolite (descriptive)	biomarker / driver / cause / flux / clinical prediction / executed function
ME585941	Pipecolate	0.034315	0.053235	0.2632	-0.1943	-0.3821	26828305.93	18346925.53	32737401.665	non_monotonic	ns	candidate state-associated metabolite (descriptive)	biomarker / driver / cause / flux / clinical prediction / executed function
ME586000	Val-Lys	0.034646	0.05346	0.4175	0.251	-0.2282	27008468.02	17000689.84	21718482.87	non_monotonic	ns	candidate state-associated metabolite (descriptive)	biomarker / driver / cause / flux / clinical prediction / executed function
ME585830	Glutarate	0.035118	0.053898	-0.1684	0.2996	0.3769	4002421.772	5007367.1325	2436192.464	non_monotonic	ns	candidate state-associated metabolite (descriptive)	biomarker / driver / cause / flux / clinical prediction / executed function
ME585781	Carnosine	0.035772	0.05461	0.407	0.3846	-0.041	1497719.558	923987.2296	946387.5682	non_monotonic	ns	candidate state-associated metabolite (descriptive)	biomarker / driver / cause / flux / clinical prediction / executed function
ME585798	Cytidine triphosphate	0.038423	0.058346	0.4386	0.3239	-0.0718	8243123.471	6160044.624	6438320.8195	non_monotonic	ns	candidate state-associated metabolite (descriptive)	biomarker / driver / cause / flux / clinical prediction / executed function
ME585987	Tryptophan	0.040235	0.060777	0.4035	0.3725	-0.0436	59589515.24	43391287.96	48799915.705	non_monotonic	ns	candidate state-associated metabolite (descriptive)	biomarker / driver / cause / flux / clinical prediction / executed function
ME585747	Adenosine triphosphate	0.043778	0.065781	0.2526	0.4049	0.2333	958280554.4	802358425.1	697434818.6	monotonic_down	ns	candidate state-associated metabolite (descriptive)	biomarker / driver / cause / flux / clinical prediction / executed function
ME585900	Norleucine	0.044787	0.066601	0.3789	0.3846	-0.0667	294511660.1	191624279.4	238370941.55	non_monotonic	ns	candidate state-associated metabolite (descriptive)	biomarker / driver / cause / flux / clinical prediction / executed function
ME585992	UDP-N-acetylglucosamine	0.044718	0.066601	0.4246	0.2024	-0.2103	196424903.6	161666037.75	176895544.3	non_monotonic	ns	candidate state-associated metabolite (descriptive)	biomarker / driver / cause / flux / clinical prediction / executed function
ME585935	Phenylalanine	0.046812	0.069253	0.3965	0.0972	-0.2795	173778686.1	108159257.45	165932507.35	non_monotonic	ns	candidate state-associated metabolite (descriptive)	biomarker / driver / cause / flux / clinical prediction / executed function
ME585743	Adenosine	0.04858	0.071499	0.393	0.3563	-0.0577	32148138.66	24275284.145	23774960.39	monotonic_down	ns	candidate state-associated metabolite (descriptive)	biomarker / driver / cause / flux / clinical prediction / executed function
ME585938	Phosphoethanolamine	0.055125	0.080719	-0.2526	-0.4737	-0.0718	185092661.6	226040429.05	250884924.2	monotonic_up	ns	candidate state-associated metabolite (descriptive)	biomarker / driver / cause / flux / clinical prediction / executed function
ME585774	Carnitine (18:1)	0.056304	0.082027	-0.3965	-0.3077	0.1103	19984.5187	422740.3541	212725.782	non_monotonic	ns	candidate state-associated metabolite (descriptive)	biomarker / driver / cause / flux / clinical prediction / executed function
ME585755	Aminoadipate	0.060951	0.088348	-0.0175	-0.3603	-0.3154	4386621.178	4293179.2765	5447142.4575	non_monotonic	ns	candidate state-associated metabolite (descriptive)	biomarker / driver / cause / flux / clinical prediction / executed function
ME585996	Uridine diphosphate	0.062673	0.090388	0.3965	0.2713	-0.1359	16989578.1	11042601.91	13900124.44	non_monotonic	ns	candidate state-associated metabolite (descriptive)	biomarker / driver / cause / flux / clinical prediction / executed function
ME585880	N,N-Dimethyllysine	0.063062	0.090494	0.1509	-0.2389	-0.3564	5924682.809	4810598.0015	7044483.1675	non_monotonic	ns	candidate state-associated metabolite (descriptive)	biomarker / driver / cause / flux / clinical prediction / executed function
ME585765	Azelate	0.064158	0.091609	-0.3018	-0.1053	0.3308	5361134.757	9991592.1575	6224972.6115	non_monotonic	ns	candidate state-associated metabolite (descriptive)	biomarker / driver / cause / flux / clinical prediction / executed function
ME585828	Glutamylcysteine	0.068026	0.096651	-0.3088	-0.4089	-0.0231	595271.774	1179373.559	978190.2545	non_monotonic	ns	candidate state-associated metabolite (descriptive)	biomarker / driver / cause / flux / clinical prediction / executed function
ME585915	PC (38:4)	0.072351	0.10229	-0.3544	-0.3077	0.1462	584538715.0	734629707.25	702794859.0	non_monotonic	ns	candidate state-associated metabolite (descriptive)	biomarker / driver / cause / flux / clinical prediction / executed function
ME585779	Carnitine (8:0)	0.073768	0.103276	-0.1404	-0.3482	-0.2821	9818241.704	11254449.64	13258008.645	monotonic_up	ns	candidate state-associated metabolite (descriptive)	biomarker / driver / cause / flux / clinical prediction / executed function
ME585763	Aspartylglycosamine	0.073724	0.103276	0.3632	0.085	-0.2615	13023835.17	11292384.98	12288160.58	non_monotonic	ns	candidate state-associated metabolite (descriptive)	biomarker / driver / cause / flux / clinical prediction / executed function
ME585960	S-Adenosylhomocysteine	0.079677	0.111007	0.1719	0.3482	0.2603	7378939.003	6568158.828	5557630.1745	monotonic_down	ns	candidate state-associated metabolite (descriptive)	biomarker / driver / cause / flux / clinical prediction / executed function
ME585795	Cytidine cyclic phosphate	0.085458	0.117916	0.207	0.413	0.1462	118224.5581	31299.6207	10912.9585	monotonic_down	ns	candidate state-associated metabolite (descriptive)	biomarker / driver / cause / flux / clinical prediction / executed function
ME585897	NADPH	0.085344	0.117916	-0.0316	-0.3117	-0.3128	260047.2114	338387.8416	557159.2327	monotonic_up	ns	candidate state-associated metabolite (descriptive)	biomarker / driver / cause / flux / clinical prediction / executed function
ME585807	Diphthamide	0.0878	0.120568	-0.0667	-0.3279	-0.2949	6103274.001	6700027.8485	7945412.5415	monotonic_up	ns	candidate state-associated metabolite (descriptive)	biomarker / driver / cause / flux / clinical prediction / executed function
ME585844	Guanidinosuccinate	0.093599	0.127919	-0.1333	-0.413	-0.1872	153197.7194	143636.4463	824810.07	non_monotonic	ns	candidate state-associated metabolite (descriptive)	biomarker / driver / cause / flux / clinical prediction / executed function
ME585943	Proline	0.097659	0.132835	0.386	0.2186	-0.1128	4916249628.0	4372191828.0	4630392450.0	non_monotonic	ns	candidate state-associated metabolite (descriptive)	biomarker / driver / cause / flux / clinical prediction / executed function
ME585990	UDP-D-galacturonate	0.105657	0.143035	-0.3754	-0.1498	0.1718	337551.6074	669029.8973	513275.1236	non_monotonic	ns	candidate state-associated metabolite (descriptive)	biomarker / driver / cause / flux / clinical prediction / executed function
ME585867	Lactate	0.107413	0.144731	0.2421	-0.1255	-0.3051	1431821015.0	1125490518.0	1871377897.5	non_monotonic	ns	candidate state-associated metabolite (descriptive)	biomarker / driver / cause / flux / clinical prediction / executed function
ME585719	2-Hydroxybutyrate	0.120148	0.161133	-0.1684	0.0931	0.3359	1580576.442	2204366.797	285105.1898	non_monotonic	ns	candidate state-associated metabolite (descriptive)	biomarker / driver / cause / flux / clinical prediction / executed function
ME585975	Sphinganine	0.125548	0.167593	-0.3439	-0.2753	0.0282	12389492.63	15346788.31	14315356.985	non_monotonic	ns	candidate state-associated metabolite (descriptive)	biomarker / driver / cause / flux / clinical prediction / executed function
ME585764	Asp-Pro	0.127317	0.169166	-0.1053	-0.3036	-0.2615	29827158.32	29626450.655	33380532.9	non_monotonic	ns	candidate state-associated metabolite (descriptive)	biomarker / driver / cause / flux / clinical prediction / executed function
ME585986	Trigonelline	0.132124	0.174744	0.186	0.2915	0.2385	62542831.06	36161868.225	25736367.1	monotonic_down	ns	candidate state-associated metabolite (descriptive)	biomarker / driver / cause / flux / clinical prediction / executed function
ME585899	Nicotinamide	0.133163	0.175311	0.0421	-0.2551	-0.2974	21067541.37	20689703.355	31820321.11	non_monotonic	ns	candidate state-associated metabolite (descriptive)	biomarker / driver / cause / flux / clinical prediction / executed function
ME586001	Xanthine	0.136357	0.178696	0.3368	0.2348	-0.1077	606841.1894	536352.3782	532874.863	monotonic_down	ns	candidate state-associated metabolite (descriptive)	biomarker / driver / cause / flux / clinical prediction / executed function
ME585797	Cytidine monophosphate	0.143277	0.186911	0.2772	-0.0405	-0.2641	2791704.442	2472826.773	3013753.474	non_monotonic	ns	candidate state-associated metabolite (descriptive)	biomarker / driver / cause / flux / clinical prediction / executed function
ME585783	Choline	0.14545	0.188887	-0.2035	-0.3644	-0.1077	6074805691.0	8568406692.0	13682982865.0	monotonic_up	ns	candidate state-associated metabolite (descriptive)	biomarker / driver / cause / flux / clinical prediction / executed function
ME585869	Leu-Pro	0.159063	0.205636	0.2386	-0.1174	-0.2667	133691312.1	117918887.55	144480695.15	non_monotonic	ns	candidate state-associated metabolite (descriptive)	biomarker / driver / cause / flux / clinical prediction / executed function
ME585788	CoenzymeA	0.163396	0.210289	0.0526	0.2915	0.2487	2720843.748	2649794.363	1606794.515	monotonic_down	ns	candidate state-associated metabolite (descriptive)	biomarker / driver / cause / flux / clinical prediction / executed function
ME585736	5-Glutamyltaurine	0.170833	0.218879	-0.2456	-0.332	-0.0385	1102686.555	1682937.6585	1764177.222	monotonic_up	ns	candidate state-associated metabolite (descriptive)	biomarker / driver / cause / flux / clinical prediction / executed function
ME585914	PC (36:5)	0.174289	0.222315	-0.1158	0.2024	0.2795	69240394.18	81131992.375	62663458.845	non_monotonic	ns	candidate state-associated metabolite (descriptive)	biomarker / driver / cause / flux / clinical prediction / executed function
ME585772	Carnitine (16:1)	0.177778	0.225763	-0.3088	-0.251	0.0513	47338.7136	104060.6849	25501.4422	non_monotonic	ns	candidate state-associated metabolite (descriptive)	biomarker / driver / cause / flux / clinical prediction / executed function
ME585767	Betaine	0.181092	0.228545	0.3018	0.1012	-0.1949	5158219718.0	4038359345.0	4576659009.0	non_monotonic	ns	candidate state-associated metabolite (descriptive)	biomarker / driver / cause / flux / clinical prediction / executed function
ME585799	Decanoate	0.181562	0.228545	-0.1789	-0.004	0.3026	1788689.459	1938313.037	80928.5635	non_monotonic	ns	candidate state-associated metabolite (descriptive)	biomarker / driver / cause / flux / clinical prediction / executed function
ME585819	Glucosamine 6-phosphate	0.192607	0.241389	0.1965	-0.1134	-0.2667	863794.1802	740038.8113	902118.2342	non_monotonic	ns	candidate state-associated metabolite (descriptive)	biomarker / driver / cause / flux / clinical prediction / executed function
ME585768	Biotin amide	0.207086	0.258407	0.1439	0.2996	0.1744	341727.0982	182488.8591	58406.97	monotonic_down	ns	candidate state-associated metabolite (descriptive)	biomarker / driver / cause / flux / clinical prediction / executed function
ME585742	Acetyl-CoA	0.209916	0.260804	0.2421	0.3077	-0.0128	572662.1877	224535.0878	251364.2746	non_monotonic	ns	candidate state-associated metabolite (descriptive)	biomarker / driver / cause / flux / clinical prediction / executed function
ME585888	N-Acetylhexosamine phosphate	0.225116	0.278484	0.0035	-0.2267	-0.2538	14593567.64	16052123.38	18991412.12	monotonic_up	ns	candidate state-associated metabolite (descriptive)	biomarker / driver / cause / flux / clinical prediction / executed function
ME585871	Lysine	0.24252	0.29745	0.1088	-0.1093	-0.2769	159046247.3	166285985.9	190414934.75	monotonic_up	ns	candidate state-associated metabolite (descriptive)	biomarker / driver / cause / flux / clinical prediction / executed function
ME585796	Cytidine diphosphate	0.24206	0.29745	0.2772	0.1012	-0.1718	1390514.554	1048704.181	1268225.3295	non_monotonic	ns	candidate state-associated metabolite (descriptive)	biomarker / driver / cause / flux / clinical prediction / executed function
ME585968	Serine	0.247573	0.302355	0.2386	0.2632	0.0769	91462189.83	80763657.935	71937772.96	monotonic_down	ns	candidate state-associated metabolite (descriptive)	biomarker / driver / cause / flux / clinical prediction / executed function
ME585886	N-Acetylglycine	0.256285	0.311669	0.2737	0.0648	-0.1769	5880295.245	5334172.382	5934639.41	non_monotonic	ns	candidate state-associated metabolite (descriptive)	biomarker / driver / cause / flux / clinical prediction / executed function
ME585905	Oxoadipate	0.258818	0.313421	0.193	-0.0445	-0.2436	692648.1645	610364.8324	741451.8946	non_monotonic	ns	candidate state-associated metabolite (descriptive)	biomarker / driver / cause / flux / clinical prediction / executed function
ME585735	5-Aminolevulinate	0.268247	0.322121	-0.1263	0.1134	0.2564	15501697.95	18357588.08	11536349.345	non_monotonic	ns	candidate state-associated metabolite (descriptive)	biomarker / driver / cause / flux / clinical prediction / executed function
ME585984	trans-4-Hydroxyproline	0.268247	0.322121	-0.1263	0.1134	0.2564	15501697.95	18357588.08	11536349.345	non_monotonic	ns	candidate state-associated metabolite (descriptive)	biomarker / driver / cause / flux / clinical prediction / executed function
ME585808	dTDP-glucose	0.270777	0.323805	0.2561	0.2308	-0.059	217356.6675	198030.5329	208440.0615	non_monotonic	ns	candidate state-associated metabolite (descriptive)	biomarker / driver / cause / flux / clinical prediction / executed function
ME585954	Pyroglutamate	0.27944	0.332777	0.2965	0.1781	-0.0256	22306886.08	17062161.275	23218816.545	non_monotonic	ns	candidate state-associated metabolite (descriptive)	biomarker / driver / cause / flux / clinical prediction / executed function
ME585933	Pentoses-1	0.283485	0.336199	-0.0351	0.2186	0.2256	2747570.391	2692674.209	2448349.3315	monotonic_down	ns	candidate state-associated metabolite (descriptive)	biomarker / driver / cause / flux / clinical prediction / executed function
ME585827	Glutamine	0.310815	0.367094	-0.2211	-0.251	0.0385	5336553773.0	5856114275.0	6210253450.5	monotonic_up	ns	candidate state-associated metabolite (descriptive)	biomarker / driver / cause / flux / clinical prediction / executed function
ME585751	Alanine	0.316214	0.370422	0.1263	-0.1336	-0.2282	275506594.9	259235565.2	304408510.3	non_monotonic	ns	candidate state-associated metabolite (descriptive)	biomarker / driver / cause / flux / clinical prediction / executed function
ME585983	Threonine	0.31603	0.370422	0.2596	0.1012	-0.1385	195102120.5	158812705.5	203019706.9	non_monotonic	ns	candidate state-associated metabolite (descriptive)	biomarker / driver / cause / flux / clinical prediction / executed function
ME585726	β-Hydroxycarnitine (5:0)	0.326572	0.381	-0.2281	-0.2267	-0.0538	12866545.69	12991213.16	12797982.25	non_monotonic	ns	candidate state-associated metabolite (descriptive)	biomarker / driver / cause / flux / clinical prediction / executed function
ME585974	Sorbitol	0.333872	0.38794	-0.1825	-0.2308	-0.1205	57044.492	78924.2642	77208.942	non_monotonic	ns	candidate state-associated metabolite (descriptive)	biomarker / driver / cause / flux / clinical prediction / executed function
ME585762	Aspartate	0.338111	0.391282	0.1053	-0.2105	-0.1949	365796779.0	342207370.45	430230185.35	non_monotonic	ns	candidate state-associated metabolite (descriptive)	biomarker / driver / cause / flux / clinical prediction / executed function
ME585887	N-Acetylhexosamine	0.352241	0.405996	0.1228	-0.0769	-0.2308	2674974.162	2392009.293	2782147.8525	non_monotonic	ns	candidate state-associated metabolite (descriptive)	biomarker / driver / cause / flux / clinical prediction / executed function
ME585716	1-Methylhistidine	0.377472	0.433338	0.1579	-0.1174	-0.1949	84446872.13	71013495.37	94343678.165	non_monotonic	ns	candidate state-associated metabolite (descriptive)	biomarker / driver / cause / flux / clinical prediction / executed function
ME585965	Sedoheptulose	0.383469	0.438469	-0.0035	-0.2227	-0.1769	103668.5642	110627.2309	153415.9525	monotonic_up	ns	candidate state-associated metabolite (descriptive)	biomarker / driver / cause / flux / clinical prediction / executed function
ME585873	Methacholine	0.387031	0.440785	-0.2386	-0.1741	0.0333	112779318.8	151215598.3	138527639.8	non_monotonic	ns	candidate state-associated metabolite (descriptive)	biomarker / driver / cause / flux / clinical prediction / executed function
ME585769	Carnitinamide	0.392767	0.44555	0.2246	0.0142	-0.1564	13471978.54	11749867.595	15091027.69	non_monotonic	ns	candidate state-associated metabolite (descriptive)	biomarker / driver / cause / flux / clinical prediction / executed function
ME585964	Sebacate	0.398132	0.44866	-0.207	-0.2105	-0.0231	588001.3872	711611.6187	762407.3558	monotonic_up	ns	candidate state-associated metabolite (descriptive)	biomarker / driver / cause / flux / clinical prediction / executed function
ME585978	Taurine	0.398636	0.44866	0.2211	0.1943	-0.0128	11779938916.0	10748273799.0	10886498249.0	non_monotonic	ns	candidate state-associated metabolite (descriptive)	biomarker / driver / cause / flux / clinical prediction / executed function
ME585889	N-Acetylhexosamine sulfate	0.40069	0.449211	-0.0912	-0.2065	-0.1641	1215223595.0	1244136349.5	1344129115.0	monotonic_up	ns	candidate state-associated metabolite (descriptive)	biomarker / driver / cause / flux / clinical prediction / executed function
ME585809	Ergothioneine	0.406716	0.454193	-0.1754	-0.2429	0.0103	1200527062.0	2082286028.5	2295226132.0	monotonic_up	ns	candidate state-associated metabolite (descriptive)	biomarker / driver / cause / flux / clinical prediction / executed function
ME585959	Saccharate	0.408933	0.454898	-0.186	-0.2186	-0.0513	1057742.106	1088170.568	1168950.7155	monotonic_up	ns	candidate state-associated metabolite (descriptive)	biomarker / driver / cause / flux / clinical prediction / executed function
ME585908	PC (32:2)	0.414493	0.458609	0.1754	0.2146	0.0769	35158818.83	30976778.865	31600466.37	non_monotonic	ns	candidate state-associated metabolite (descriptive)	biomarker / driver / cause / flux / clinical prediction / executed function
ME585973	S-Methylthioadenosine	0.415464	0.458609	-0.1474	0.1174	0.1846	62910918.21	56768618.515	50404929.17	monotonic_down	ns	candidate state-associated metabolite (descriptive)	biomarker / driver / cause / flux / clinical prediction / executed function
ME585836	Glycerophosphoethanolamine	0.423861	0.466085	-0.0702	0.1619	0.1897	5850348.704	7094568.4115	3772905.5435	non_monotonic	ns	candidate state-associated metabolite (descriptive)	biomarker / driver / cause / flux / clinical prediction / executed function
ME585780	Carnitine (glutaryl)	0.435917	0.477513	0.2386	0.1093	-0.0744	179755.7755	110527.2654	117531.8972	non_monotonic	ns	candidate state-associated metabolite (descriptive)	biomarker / driver / cause / flux / clinical prediction / executed function
ME585875	Methyl 4-aminobutyrate	0.45303	0.494371	0.1895	0.1984	-0.0231	318372268.1	280093514.15	281091430.9	non_monotonic	ns	candidate state-associated metabolite (descriptive)	biomarker / driver / cause / flux / clinical prediction / executed function
ME585754	alpha-Ketoglutarate	0.470814	0.511832	0.0491	-0.1215	-0.1949	81494255.58	74820055.575	79637350.885	non_monotonic	ns	candidate state-associated metabolite (descriptive)	biomarker / driver / cause / flux / clinical prediction / executed function
ME585805	Dihydroxyacetone phosphate	0.475095	0.514537	0.2105	0.0931	-0.1026	3011568.336	2752963.2695	2734241.924	monotonic_down	ns	candidate state-associated metabolite (descriptive)	biomarker / driver / cause / flux / clinical prediction / executed function
ME585793	Cystine	0.479145	0.516972	-0.1228	-0.1862	-0.1256	102461.508	52828.3587	47534.6242	monotonic_down	ns	candidate state-associated metabolite (descriptive)	biomarker / driver / cause / flux / clinical prediction / executed function
ME585818	Gluconate	0.547164	0.58815	-0.0982	-0.2024	-0.0795	112732079.2	110670109.2	125984793.3	non_monotonic	ns	candidate state-associated metabolite (descriptive)	biomarker / driver / cause / flux / clinical prediction / executed function
ME585835	Glycerophosphocholine	0.55793	0.597485	-0.1158	0.0688	0.159	209320620.3	220604012.95	163765098.1	non_monotonic	ns	candidate state-associated metabolite (descriptive)	biomarker / driver / cause / flux / clinical prediction / executed function
ME585812	FA (20:2)	0.562203	0.599823	0.193	0.1336	0.0308	11702901.93	9684460.2365	9102289.441	monotonic_down	ns	candidate state-associated metabolite (descriptive)	biomarker / driver / cause / flux / clinical prediction / executed function
ME585760	Ascorbate	0.597018	0.634608	0.0596	-0.1134	-0.1513	19178303.77	7490761.441	23534349.86	non_monotonic	ns	candidate state-associated metabolite (descriptive)	biomarker / driver / cause / flux / clinical prediction / executed function
ME585739	Acetylarginine	0.635138	0.672636	0.0421	-0.1255	-0.1359	372855.4874	470992.6536	895661.2909	monotonic_up	ns	candidate state-associated metabolite (descriptive)	biomarker / driver / cause / flux / clinical prediction / executed function
ME585967	Ser-Arg	0.644515	0.677567	-0.0386	0.1093	0.141	8600592.449	7922451.7605	7040483.003	monotonic_down	ns	candidate state-associated metabolite (descriptive)	biomarker / driver / cause / flux / clinical prediction / executed function
ME585734	4-Guanidinobutyric acid	0.642764	0.677567	0.1614	0.081	-0.0744	7194111.123	6471800.637	6947752.839	non_monotonic	ns	candidate state-associated metabolite (descriptive)	biomarker / driver / cause / flux / clinical prediction / executed function
ME585720	2-Hydroxyglutarate	0.672367	0.704268	0.0105	-0.1457	-0.1128	109578252.1	107026585.5	120196204.95	non_monotonic	ns	candidate state-associated metabolite (descriptive)	biomarker / driver / cause / flux / clinical prediction / executed function
ME585885	N-Acetylglutamine	0.692925	0.723162	0.0632	-0.085	-0.1282	406532.7414	330889.4176	486150.7801	non_monotonic	ns	candidate state-associated metabolite (descriptive)	biomarker / driver / cause / flux / clinical prediction / executed function
ME585831	Glutathione	0.700884	0.728817	0.1614	0.081	-0.0256	5631230210.0	5139965913.5	5056957689.0	monotonic_down	ns	candidate state-associated metabolite (descriptive)	biomarker / driver / cause / flux / clinical prediction / executed function
ME585761	Asparagine	0.716648	0.74252	0.1298	0.1215	0.0	65118741.02	59658452.305	63453353.185	non_monotonic	ns	candidate state-associated metabolite (descriptive)	biomarker / driver / cause / flux / clinical prediction / executed function
ME585787	CMP-2-aminoethylphosphonate	0.722952	0.746357	-0.0246	0.0931	0.1231	769226.2745	798077.4542	673243.6458	non_monotonic	ns	candidate state-associated metabolite (descriptive)	biomarker / driver / cause / flux / clinical prediction / executed function
ME585773	Carnitine (18:0)	0.725939	0.746755	-0.0982	-0.0162	0.1179	302043.18	357898.1944	313697.2483	non_monotonic	ns	candidate state-associated metabolite (descriptive)	biomarker / driver / cause / flux / clinical prediction / executed function
ME585877	Myoinositol	0.733352	0.751686	-0.1509	-0.0688	0.0333	48807173.32	59862520.02	54102667.875	non_monotonic	ns	candidate state-associated metabolite (descriptive)	biomarker / driver / cause / flux / clinical prediction / executed function
ME585813	Fructose 1,6-bisphosphate	0.761404	0.777661	0.0772	0.1215	0.0641	5542974.827	5432965.903	5509831.515	non_monotonic	ns	candidate state-associated metabolite (descriptive)	biomarker / driver / cause / flux / clinical prediction / executed function
ME585934	Pentoses-2	0.779328	0.793146	-0.0842	-0.0648	0.1	23534267.13	23856053.505	23570707.81	non_monotonic	ns	candidate state-associated metabolite (descriptive)	biomarker / driver / cause / flux / clinical prediction / executed function
ME585955	Pyruvate	0.79404	0.805263	0.007	-0.1012	-0.0923	26824666.89	26382276.755	29422762.175	non_monotonic	ns	candidate state-associated metabolite (descriptive)	biomarker / driver / cause / flux / clinical prediction / executed function
ME585846	Guanosine	0.826942	0.835677	0.0105	-0.0769	-0.0923	141160.0086	64751.8228	159211.2658	non_monotonic	ns	candidate state-associated metabolite (descriptive)	biomarker / driver / cause / flux / clinical prediction / executed function
ME585853	Hippurate	0.833301	0.839148	0.1368	0.0364	0.0026	3524187.131	2680394.6055	3275872.4255	non_monotonic	ns	candidate state-associated metabolite (descriptive)	biomarker / driver / cause / flux / clinical prediction / executed function
ME585890	N-Acetylmethionine	0.867019	0.87005	0.0947	0.0607	-0.0205	7574542.006	7066132.356	7707942.775	non_monotonic	ns	candidate state-associated metabolite (descriptive)	biomarker / driver / cause / flux / clinical prediction / executed function
ME585729	3-Hydroxymethylglutarate	0.966629	0.966629	-0.0316	0.002	0.0385	8258530.948	8415545.9975	8396677.857	non_monotonic	ns	candidate state-associated metabolite (descriptive)	biomarker / driver / cause / flux / clinical prediction / executed function
