source_id	ptm_type	protein_or_peptide	gene_symbol	uniprot_accession	modification_or_ptm	site_or_position	condition_or_group	reported_metric_or_status	table_source	evidence_tier	allowed_claim	prohibited_claim
Chapman_PXD011796	Acetylation	ACTB	ACTB	P60709	Acetylation (N-term); Carbamidomethylation	D(+42.01_acetyl)	RA_SLE (>=22/23 samples)	protein=Actin, cytoplasmic 1; mass_shift=+42.01	Table_6.XLSX#Acetylation	Tier_2	structured acetylated/methylated NET/release material composition (Tier 2 PTM)	enzyme activity (HAT/HDAC/PRMT); acetylation/methylation rate; NETosis rate; NET clearance; pathogenicity; causal mechanism; sample-level fusion
Chapman_PXD011796	Acetylation	ACTB	ACTB	P60709	Acetylation (N-term); Oxidation (M); Carbamidomethylation	D(+42.01_acetyl)	RA_SLE (>=22/23 samples)	protein=Actin, cytoplasmic 1; mass_shift=+42.01	Table_6.XLSX#Acetylation	Tier_2	structured acetylated/methylated NET/release material composition (Tier 2 PTM)	enzyme activity (HAT/HDAC/PRMT); acetylation/methylation rate; NETosis rate; NET clearance; pathogenicity; causal mechanism; sample-level fusion
Chapman_PXD011796	Acetylation	ACTG	ACTG	P63261	Acetylation (N-term); Oxidation (M); Carbamidomethylation	E(+42.01_acetyl)	RA_SLE (>=22/23 samples)	protein=Actin, cytoplasmic 1; mass_shift=+42.01	Table_6.XLSX#Acetylation	Tier_2	structured acetylated/methylated NET/release material composition (Tier 2 PTM)	enzyme activity (HAT/HDAC/PRMT); acetylation/methylation rate; NETosis rate; NET clearance; pathogenicity; causal mechanism; sample-level fusion
Chapman_PXD011796	Acetylation	ANXA1	ANXA1	P04083	Acetylation (N-term); Oxidation (M)	A(+42.01_acetyl)	RA_SLE (>=22/23 samples)	protein=Annexin A1; mass_shift=+42.01	Table_6.XLSX#Acetylation	Tier_2	structured acetylated/methylated NET/release material composition (Tier 2 PTM)	enzyme activity (HAT/HDAC/PRMT); acetylation/methylation rate; NETosis rate; NET clearance; pathogenicity; causal mechanism; sample-level fusion
Chapman_PXD011796	Acetylation	ANXA3	ANXA3	P12429	Acetylation (N-term)	A(+42.01_acetyl)	RA_SLE (>=22/23 samples)	protein=Annexin A3; mass_shift=+42.01	Table_6.XLSX#Acetylation	Tier_2	structured acetylated/methylated NET/release material composition (Tier 2 PTM)	enzyme activity (HAT/HDAC/PRMT); acetylation/methylation rate; NETosis rate; NET clearance; pathogenicity; causal mechanism; sample-level fusion
Chapman_PXD011796	Acetylation	COF1	COF1	P23528	Acetylation (N-term)	A(+42.01_acetyl)	RA_SLE (>=22/23 samples)	protein=Cofilin-1; mass_shift=+42.01	Table_6.XLSX#Acetylation	Tier_2	structured acetylated/methylated NET/release material composition (Tier 2 PTM)	enzyme activity (HAT/HDAC/PRMT); acetylation/methylation rate; NETosis rate; NET clearance; pathogenicity; causal mechanism; sample-level fusion
Chapman_PXD011796	Acetylation	CAPZB	CAPZB	P47756	Acetylation (N-term); Carbamidomethylation	S(+42.01_acetyl)	RA_SLE (>=22/23 samples)	protein=F-actin-capping protein subunit beta; mass_shift=+42.01	Table_6.XLSX#Acetylation	Tier_2	structured acetylated/methylated NET/release material composition (Tier 2 PTM)	enzyme activity (HAT/HDAC/PRMT); acetylation/methylation rate; NETosis rate; NET clearance; pathogenicity; causal mechanism; sample-level fusion
Chapman_PXD011796	Acetylation	H10	H10	P07305	Acetylation (N-term)	T(+42.01_acetyl)	RA_SLE (>=22/23 samples)	protein=Histone H1.0; mass_shift=+42.01	Table_6.XLSX#Acetylation	Tier_2	structured acetylated/methylated NET/release material composition (Tier 2 PTM)	enzyme activity (HAT/HDAC/PRMT); acetylation/methylation rate; NETosis rate; NET clearance; pathogenicity; causal mechanism; sample-level fusion
Chapman_PXD011796	Acetylation	H12	H12	P16403	Acetylation (N-term)	S(+42.01_acetyl)	RA_SLE (>=22/23 samples)	protein=Histone H1.2; mass_shift=+42.01	Table_6.XLSX#Acetylation	Tier_2	structured acetylated/methylated NET/release material composition (Tier 2 PTM)	enzyme activity (HAT/HDAC/PRMT); acetylation/methylation rate; NETosis rate; NET clearance; pathogenicity; causal mechanism; sample-level fusion
Chapman_PXD011796	Acetylation	H13	H13	P16402	Acetylation (N-term)	S(+42.01_acetyl)	RA_SLE (>=22/23 samples)	protein=Histone H1.3; mass_shift=+42.01	Table_6.XLSX#Acetylation	Tier_2	structured acetylated/methylated NET/release material composition (Tier 2 PTM)	enzyme activity (HAT/HDAC/PRMT); acetylation/methylation rate; NETosis rate; NET clearance; pathogenicity; causal mechanism; sample-level fusion
Chapman_PXD011796	Acetylation	H15	H15	P16401	Acetylation (N-term)	S(+42.01_acetyl)	RA_SLE (>=22/23 samples)	protein=Histone H1.5; mass_shift=+42.01	Table_6.XLSX#Acetylation	Tier_2	structured acetylated/methylated NET/release material composition (Tier 2 PTM)	enzyme activity (HAT/HDAC/PRMT); acetylation/methylation rate; NETosis rate; NET clearance; pathogenicity; causal mechanism; sample-level fusion
Chapman_PXD011796	Acetylation	PSA3	PSA3	P25788	Acetylation (N-term)	S(+42.01_acetyl)	RA_SLE (>=22/23 samples)	protein=Proteasome subunit alpha type-3; mass_shift=+42.01	Table_6.XLSX#Acetylation	Tier_2	structured acetylated/methylated NET/release material composition (Tier 2 PTM)	enzyme activity (HAT/HDAC/PRMT); acetylation/methylation rate; NETosis rate; NET clearance; pathogenicity; causal mechanism; sample-level fusion
Chapman_PXD011796	Acetylation	TYB10	TYB10	P63313	Acetylation (N-term); Oxidation (M)	A(+42.01_acetyl)	RA_SLE (>=22/23 samples)	protein=Thymosin beta 10; mass_shift=+42.01	Table_6.XLSX#Acetylation	Tier_2	structured acetylated/methylated NET/release material composition (Tier 2 PTM)	enzyme activity (HAT/HDAC/PRMT); acetylation/methylation rate; NETosis rate; NET clearance; pathogenicity; causal mechanism; sample-level fusion
Chapman_PXD011796	Acetylation	TYB4	TYB4	P62328	Acetylation (N-term); Oxidation (M)	S(+42.01_acetyl)	RA_SLE (>=22/23 samples)	protein=Thymosin beta 4; mass_shift=+42.01	Table_6.XLSX#Acetylation	Tier_2	structured acetylated/methylated NET/release material composition (Tier 2 PTM)	enzyme activity (HAT/HDAC/PRMT); acetylation/methylation rate; NETosis rate; NET clearance; pathogenicity; causal mechanism; sample-level fusion
Chapman_PXD011796	Acetylation	TYB4	TYB4	P62328	Acetylation (N-term); Oxidation (M)	S(+42.01_acetyl)	RA_SLE (>=22/23 samples)	protein=Thymosin beta 4; mass_shift=+42.01	Table_6.XLSX#Acetylation	Tier_2	structured acetylated/methylated NET/release material composition (Tier 2 PTM)	enzyme activity (HAT/HDAC/PRMT); acetylation/methylation rate; NETosis rate; NET clearance; pathogenicity; causal mechanism; sample-level fusion
Chapman_PXD011796	Acetylation	TYB4	TYB4	P62328	Acetylation (N-term)	S(+42.01_acetyl)	RA_SLE (>=22/23 samples)	protein=Thymosin beta 4; mass_shift=+42.01	Table_6.XLSX#Acetylation	Tier_2	structured acetylated/methylated NET/release material composition (Tier 2 PTM)	enzyme activity (HAT/HDAC/PRMT); acetylation/methylation rate; NETosis rate; NET clearance; pathogenicity; causal mechanism; sample-level fusion
Chapman_PXD011796	Acetylation	TYB4	TYB4	P62328	Acetylation (N-term)	S(+42.01_acetyl)	RA_SLE (>=22/23 samples)	protein=Thymosin beta 4; mass_shift=+42.01	Table_6.XLSX#Acetylation	Tier_2	structured acetylated/methylated NET/release material composition (Tier 2 PTM)	enzyme activity (HAT/HDAC/PRMT); acetylation/methylation rate; NETosis rate; NET clearance; pathogenicity; causal mechanism; sample-level fusion
Chapman_PXD011796	Acetylation	TKT	TKT	P29401	Oxidation (M); Acetylation (N-term)	N-term(+42.01_acetyl)	RA_SLE (>=22/23 samples)	protein=Transketolase; mass_shift=+42.01	Table_6.XLSX#Acetylation	Tier_2	structured acetylated/methylated NET/release material composition (Tier 2 PTM)	enzyme activity (HAT/HDAC/PRMT); acetylation/methylation rate; NETosis rate; NET clearance; pathogenicity; causal mechanism; sample-level fusion
Chapman_PXD011796	Acetylation	PLCG2	PLCG2	P16885	Acetylation (N-term)	S(+42.01_acetyl)	RA_SLE (>=22/23 samples)	protein=1-phosphatidylinositol 4,5-bisphosphate phosphodiesterase gamma-2; mass_shift=+42.01	Table_6.XLSX#Acetylation	Tier_2	structured acetylated/methylated NET/release material composition (Tier 2 PTM)	enzyme activity (HAT/HDAC/PRMT); acetylation/methylation rate; NETosis rate; NET clearance; pathogenicity; causal mechanism; sample-level fusion
Chapman_PXD011796	Acetylation	1433Z	1433Z	P63104	Acetylation (N-term)	M(+42.01_acetyl)	RA_SLE (>=22/23 samples)	protein=14-3-3 protein zeta/delta; mass_shift=+42.01	Table_6.XLSX#Acetylation	Tier_2	structured acetylated/methylated NET/release material composition (Tier 2 PTM)	enzyme activity (HAT/HDAC/PRMT); acetylation/methylation rate; NETosis rate; NET clearance; pathogenicity; causal mechanism; sample-level fusion
Chapman_PXD011796	Acetylation	GLYG	GLYG	P46976	Acetylation (N-term)	T(+42.01_acetyl)	RA_SLE (>=22/23 samples)	protein=Glycogenin-1; mass_shift=+42.01	Table_6.XLSX#Acetylation	Tier_2	structured acetylated/methylated NET/release material composition (Tier 2 PTM)	enzyme activity (HAT/HDAC/PRMT); acetylation/methylation rate; NETosis rate; NET clearance; pathogenicity; causal mechanism; sample-level fusion
Chapman_PXD011796	Acetylation	RAN	RAN	P62826	Acetylation (N-term)	A(+42.01_acetyl)	RA_SLE (>=22/23 samples)	protein=GTP-binding nuclear protein Ran; mass_shift=+42.01	Table_6.XLSX#Acetylation	Tier_2	structured acetylated/methylated NET/release material composition (Tier 2 PTM)	enzyme activity (HAT/HDAC/PRMT); acetylation/methylation rate; NETosis rate; NET clearance; pathogenicity; causal mechanism; sample-level fusion
Chapman_PXD011796	Acetylation	HP1B3	HP1B3	Q5SSJ5	Acetylation (N-term)	A(+42.01_acetyl)	RA_SLE (>=22/23 samples)	protein=Heterochromatin protein 1-binding protein 3; mass_shift=+42.01	Table_6.XLSX#Acetylation	Tier_2	structured acetylated/methylated NET/release material composition (Tier 2 PTM)	enzyme activity (HAT/HDAC/PRMT); acetylation/methylation rate; NETosis rate; NET clearance; pathogenicity; causal mechanism; sample-level fusion
Chapman_PXD011796	Acetylation	H15	H15	P16401	Acetylation (N-term); Phosphorylation (STY)	S(+42.01_acetyl)	RA_SLE (>=22/23 samples)	protein=Histone H1.5; mass_shift=+42.01	Table_6.XLSX#Acetylation	Tier_2	structured acetylated/methylated NET/release material composition (Tier 2 PTM)	enzyme activity (HAT/HDAC/PRMT); acetylation/methylation rate; NETosis rate; NET clearance; pathogenicity; causal mechanism; sample-level fusion
Chapman_PXD011796	Acetylation	H1X	H1X	Q92522	Acetylation (N-term); Oxidation (M)	S(+42.01_acetyl)	RA_SLE (>=22/23 samples)	protein=Histone H1x; mass_shift=+42.01	Table_6.XLSX#Acetylation	Tier_2	structured acetylated/methylated NET/release material composition (Tier 2 PTM)	enzyme activity (HAT/HDAC/PRMT); acetylation/methylation rate; NETosis rate; NET clearance; pathogenicity; causal mechanism; sample-level fusion
Chapman_PXD011796	Acetylation	H2BFS	H2BFS	P57053	Acetylation (K)	K(+42.01_acetyl)	RA_SLE (>=22/23 samples)	protein=Histone H2B type F-S; mass_shift=+42.01	Table_6.XLSX#Acetylation	Tier_2	structured acetylated/methylated NET/release material composition (Tier 2 PTM)	enzyme activity (HAT/HDAC/PRMT); acetylation/methylation rate; NETosis rate; NET clearance; pathogenicity; causal mechanism; sample-level fusion
Chapman_PXD011796	Acetylation	H31	H31	P68431	Citrullination; Dimethylation(KR); Acetylation (K)	K(+42.01_acetyl)	RA_SLE (>=22/23 samples)	protein=Histone H3.1; mass_shift=+42.01	Table_6.XLSX#Acetylation	Tier_2	structured acetylated/methylated NET/release material composition (Tier 2 PTM)	enzyme activity (HAT/HDAC/PRMT); acetylation/methylation rate; NETosis rate; NET clearance; pathogenicity; causal mechanism; sample-level fusion
Chapman_PXD011796	Acetylation	H31	H31	P68431	Acetylation (N-term); Acetylation (K)	K(+42.01_acetyl)	RA_SLE (>=22/23 samples)	protein=Histone H3.1t; mass_shift=+42.01	Table_6.XLSX#Acetylation	Tier_2	structured acetylated/methylated NET/release material composition (Tier 2 PTM)	enzyme activity (HAT/HDAC/PRMT); acetylation/methylation rate; NETosis rate; NET clearance; pathogenicity; causal mechanism; sample-level fusion
Chapman_PXD011796	Acetylation	H31	H31	P68431	Citrullination; Acetylation (K)	K(+42.01_acetyl)	RA_SLE (>=22/23 samples)	protein=Histone H3.1; mass_shift=+42.01	Table_6.XLSX#Acetylation	Tier_2	structured acetylated/methylated NET/release material composition (Tier 2 PTM)	enzyme activity (HAT/HDAC/PRMT); acetylation/methylation rate; NETosis rate; NET clearance; pathogenicity; causal mechanism; sample-level fusion
Chapman_PXD011796	Acetylation	H31T	H31T	Q16695	Citrullination; Acetylation (K)	K(+42.01_acetyl)	RA_SLE (>=22/23 samples)	protein=Histone H3.1t; mass_shift=+42.01	Table_6.XLSX#Acetylation	Tier_2	structured acetylated/methylated NET/release material composition (Tier 2 PTM)	enzyme activity (HAT/HDAC/PRMT); acetylation/methylation rate; NETosis rate; NET clearance; pathogenicity; causal mechanism; sample-level fusion
Chapman_PXD011796	Acetylation	H31	H31	P68431	Acetylation (K); Citrullination	K(+42.01_acetyl)	RA_SLE (>=22/23 samples)	protein=Histone H3.1; mass_shift=+42.01	Table_6.XLSX#Acetylation	Tier_2	structured acetylated/methylated NET/release material composition (Tier 2 PTM)	enzyme activity (HAT/HDAC/PRMT); acetylation/methylation rate; NETosis rate; NET clearance; pathogenicity; causal mechanism; sample-level fusion
Chapman_PXD011796	Acetylation	H31	H31	P68431	Acetylation (K)	K(+42.01_acetyl)	RA_SLE (>=22/23 samples)	protein=Histone H3.1; mass_shift=+42.01	Table_6.XLSX#Acetylation	Tier_2	structured acetylated/methylated NET/release material composition (Tier 2 PTM)	enzyme activity (HAT/HDAC/PRMT); acetylation/methylation rate; NETosis rate; NET clearance; pathogenicity; causal mechanism; sample-level fusion
Chapman_PXD011796	Acetylation	H32	H32	Q71DI3	Acetylation (K); Citrullination	K(+42.01_acetyl)	RA_SLE (>=22/23 samples)	protein=Histone H3.2; mass_shift=+42.01	Table_6.XLSX#Acetylation	Tier_2	structured acetylated/methylated NET/release material composition (Tier 2 PTM)	enzyme activity (HAT/HDAC/PRMT); acetylation/methylation rate; NETosis rate; NET clearance; pathogenicity; causal mechanism; sample-level fusion
Chapman_PXD011796	Acetylation	H4	H4	P62805	Acetylation (N-term); Citrullination; Acetylation (K)	S(+42.01_acetyl)	RA_SLE (>=22/23 samples)	protein=Histone H4; mass_shift=+42.01	Table_6.XLSX#Acetylation	Tier_2	structured acetylated/methylated NET/release material composition (Tier 2 PTM)	enzyme activity (HAT/HDAC/PRMT); acetylation/methylation rate; NETosis rate; NET clearance; pathogenicity; causal mechanism; sample-level fusion
Chapman_PXD011796	Acetylation	MTPN	MTPN	P58546	Carbamidomethylation; Acetylation (N-term); Oxidation (M)	N-term(+42.01_acetyl)	RA_SLE (>=22/23 samples)	protein=Myotrophin; mass_shift=+42.01	Table_6.XLSX#Acetylation	Tier_2	structured acetylated/methylated NET/release material composition (Tier 2 PTM)	enzyme activity (HAT/HDAC/PRMT); acetylation/methylation rate; NETosis rate; NET clearance; pathogenicity; causal mechanism; sample-level fusion
Chapman_PXD011796	Acetylation	SYFA	SYFA	Q9Y285	Acetylation (N-term)	A(+42.01_acetyl)	RA_SLE (>=22/23 samples)	protein=Phenylalanine--tRNA ligase alpha subunit; mass_shift=+42.01	Table_6.XLSX#Acetylation	Tier_2	structured acetylated/methylated NET/release material composition (Tier 2 PTM)	enzyme activity (HAT/HDAC/PRMT); acetylation/methylation rate; NETosis rate; NET clearance; pathogenicity; causal mechanism; sample-level fusion
Chapman_PXD011796	Acetylation	PLSL	PLSL	P13796	Acetylation (N-term); Citrullination; Oxidation (M)	A(+42.01_acetyl)	RA_SLE (>=22/23 samples)	protein=Plastin-2; mass_shift=+42.01	Table_6.XLSX#Acetylation	Tier_2	structured acetylated/methylated NET/release material composition (Tier 2 PTM)	enzyme activity (HAT/HDAC/PRMT); acetylation/methylation rate; NETosis rate; NET clearance; pathogenicity; causal mechanism; sample-level fusion
Chapman_PXD011796	Acetylation	PLSL	PLSL	P13796	Acetylation (N-term); Citrullination; Oxidation (M)	A(+42.01_acetyl)	RA_SLE (>=22/23 samples)	protein=Plastin-2; mass_shift=+42.01	Table_6.XLSX#Acetylation	Tier_2	structured acetylated/methylated NET/release material composition (Tier 2 PTM)	enzyme activity (HAT/HDAC/PRMT); acetylation/methylation rate; NETosis rate; NET clearance; pathogenicity; causal mechanism; sample-level fusion
Chapman_PXD011796	Acetylation	CDV3	CDV3	Q9UKY7	Acetylation (N-term); Citrullination	A(+42.01_acetyl)	RA_SLE (>=22/23 samples)	protein=Protein CDV3 homolog; mass_shift=+42.01	Table_6.XLSX#Acetylation	Tier_2	structured acetylated/methylated NET/release material composition (Tier 2 PTM)	enzyme activity (HAT/HDAC/PRMT); acetylation/methylation rate; NETosis rate; NET clearance; pathogenicity; causal mechanism; sample-level fusion
Chapman_PXD011796	Acetylation	FLII	FLII	Q13045	Oxidation (M); Acetylation (N-term)	N-term(+42.01_acetyl)	RA_SLE (>=22/23 samples)	protein=Protein flightless-1 homolog; mass_shift=+42.01	Table_6.XLSX#Acetylation	Tier_2	structured acetylated/methylated NET/release material composition (Tier 2 PTM)	enzyme activity (HAT/HDAC/PRMT); acetylation/methylation rate; NETosis rate; NET clearance; pathogenicity; causal mechanism; sample-level fusion
Chapman_PXD011796	Acetylation	PTMA	PTMA	P06454	Acetylation (N-term)	S(+42.01_acetyl)	RA_SLE (>=22/23 samples)	protein=Prothymosin alpha; mass_shift=+42.01	Table_6.XLSX#Acetylation	Tier_2	structured acetylated/methylated NET/release material composition (Tier 2 PTM)	enzyme activity (HAT/HDAC/PRMT); acetylation/methylation rate; NETosis rate; NET clearance; pathogenicity; causal mechanism; sample-level fusion
Chapman_PXD011796	Acetylation	RB27A	RB27A	P51159	Acetylation (N-term)	S(+42.01_acetyl)	RA_SLE (>=22/23 samples)	protein=Ras-related protein Rab-27A; mass_shift=+42.01	Table_6.XLSX#Acetylation	Tier_2	structured acetylated/methylated NET/release material composition (Tier 2 PTM)	enzyme activity (HAT/HDAC/PRMT); acetylation/methylation rate; NETosis rate; NET clearance; pathogenicity; causal mechanism; sample-level fusion
Chapman_PXD011796	Acetylation	GDIR2	GDIR2	P52566	Acetylation (N-term)	T(+42.01_acetyl)	RA_SLE (>=22/23 samples)	protein=Rho GDP-dissociation inhibitor 2; mass_shift=+42.01	Table_6.XLSX#Acetylation	Tier_2	structured acetylated/methylated NET/release material composition (Tier 2 PTM)	enzyme activity (HAT/HDAC/PRMT); acetylation/methylation rate; NETosis rate; NET clearance; pathogenicity; causal mechanism; sample-level fusion
Chapman_PXD011796	Acetylation	TSTD1	TSTD1	Q8NFU3	Acetylation (N-term)	A(+42.01_acetyl)	RA_SLE (>=22/23 samples)	protein=Thiosulfate:glutathione sulfurtransferase; mass_shift=+42.01	Table_6.XLSX#Acetylation	Tier_2	structured acetylated/methylated NET/release material composition (Tier 2 PTM)	enzyme activity (HAT/HDAC/PRMT); acetylation/methylation rate; NETosis rate; NET clearance; pathogenicity; causal mechanism; sample-level fusion
Chapman_PXD011796	Acetylation	F8WBR5	F8WBR5	F8WBR5	Acetylation (N-term)	A(+42.01_acetyl)	RA_SLE (>=22/23 samples)	protein=Calmodulin-2; mass_shift=+42.01	Table_6.XLSX#Acetylation	Tier_2	structured acetylated/methylated NET/release material composition (Tier 2 PTM)	enzyme activity (HAT/HDAC/PRMT); acetylation/methylation rate; NETosis rate; NET clearance; pathogenicity; causal mechanism; sample-level fusion
Chapman_PXD011796	Acetylation	TALDO	TALDO	P37837	Acetylation (N-term)	M(+42.01_acetyl)	RA_SLE (>=22/23 samples)	protein=Transaldolase; mass_shift=+42.01	Table_6.XLSX#Acetylation	Tier_2	structured acetylated/methylated NET/release material composition (Tier 2 PTM)	enzyme activity (HAT/HDAC/PRMT); acetylation/methylation rate; NETosis rate; NET clearance; pathogenicity; causal mechanism; sample-level fusion
Chapman_PXD011796	Acetylation	TERA	TERA	P55072	Acetylation (N-term)	A(+42.01_acetyl)	RA_SLE (>=22/23 samples)	protein=Transitional endoplasmic reticulum ATPase; mass_shift=+42.01	Table_6.XLSX#Acetylation	Tier_2	structured acetylated/methylated NET/release material composition (Tier 2 PTM)	enzyme activity (HAT/HDAC/PRMT); acetylation/methylation rate; NETosis rate; NET clearance; pathogenicity; causal mechanism; sample-level fusion
Chapman_PXD011796	Acetylation	TKT	TKT	P29401	Acetylation (N-term)	M(+42.01_acetyl)	RA_SLE (>=22/23 samples)	protein=Transketolase; mass_shift=+42.01	Table_6.XLSX#Acetylation	Tier_2	structured acetylated/methylated NET/release material composition (Tier 2 PTM)	enzyme activity (HAT/HDAC/PRMT); acetylation/methylation rate; NETosis rate; NET clearance; pathogenicity; causal mechanism; sample-level fusion
Chapman_PXD011796	Acetylation	VATG2	VATG2	O95670	Acetylation (N-term)	A(+42.01_acetyl)	RA_SLE (>=22/23 samples)	protein=V-type proton ATPase subunit G 2; mass_shift=+42.01	Table_6.XLSX#Acetylation	Tier_2	structured acetylated/methylated NET/release material composition (Tier 2 PTM)	enzyme activity (HAT/HDAC/PRMT); acetylation/methylation rate; NETosis rate; NET clearance; pathogenicity; causal mechanism; sample-level fusion
Chapman_PXD011796	Acetylation	ARC1B	ARC1B	O15143	Acetylation (N-term); Carbamidomethylation	A(+42.01_acetyl)	RA_SLE (>=22/23 samples)	protein=Actin-related protein 2/3 complex subunit 1B; mass_shift=+42.01	Table_6.XLSX#Acetylation	Tier_2	structured acetylated/methylated NET/release material composition (Tier 2 PTM)	enzyme activity (HAT/HDAC/PRMT); acetylation/methylation rate; NETosis rate; NET clearance; pathogenicity; causal mechanism; sample-level fusion
Chapman_PXD011796	Acetylation	ARPC4	ARPC4	P59998	Acetylation (N-term)	T(+42.01_acetyl)	RA_SLE (>=22/23 samples)	protein=Actin-related protein 2/3 complex subunit 4; mass_shift=+42.01	Table_6.XLSX#Acetylation	Tier_2	structured acetylated/methylated NET/release material composition (Tier 2 PTM)	enzyme activity (HAT/HDAC/PRMT); acetylation/methylation rate; NETosis rate; NET clearance; pathogenicity; causal mechanism; sample-level fusion
Chapman_PXD011796	Acetylation	CATA	CATA	P04040	Acetylation (N-term)	A(+42.01_acetyl)	RA_SLE (>=22/23 samples)	protein=Catalase; mass_shift=+42.01	Table_6.XLSX#Acetylation	Tier_2	structured acetylated/methylated NET/release material composition (Tier 2 PTM)	enzyme activity (HAT/HDAC/PRMT); acetylation/methylation rate; NETosis rate; NET clearance; pathogenicity; causal mechanism; sample-level fusion
Chapman_PXD011796	Acetylation	LEG10	LEG10	Q05315	Acetylation (N-term)	S(+42.01_acetyl)	RA_SLE (>=22/23 samples)	protein=Galectin-10; mass_shift=+42.01	Table_6.XLSX#Acetylation	Tier_2	structured acetylated/methylated NET/release material composition (Tier 2 PTM)	enzyme activity (HAT/HDAC/PRMT); acetylation/methylation rate; NETosis rate; NET clearance; pathogenicity; causal mechanism; sample-level fusion
Chapman_PXD011796	Acetylation	GBB1	GBB1	P62873	Acetylation (N-term)	S(+42.01_acetyl)	RA_SLE (>=22/23 samples)	protein=Guanine nucleotide-binding protein G(I)/G(S)/G(T) subunit beta-1; mass_shift=+42.01	Table_6.XLSX#Acetylation	Tier_2	structured acetylated/methylated NET/release material composition (Tier 2 PTM)	enzyme activity (HAT/HDAC/PRMT); acetylation/methylation rate; NETosis rate; NET clearance; pathogenicity; causal mechanism; sample-level fusion
Chapman_PXD011796	Acetylation	LDHA	LDHA	P00338	Acetylation (N-term)	A(+42.01_acetyl)	RA_SLE (>=22/23 samples)	protein=L-lactate dehydrogenase A chain; mass_shift=+42.01	Table_6.XLSX#Acetylation	Tier_2	structured acetylated/methylated NET/release material composition (Tier 2 PTM)	enzyme activity (HAT/HDAC/PRMT); acetylation/methylation rate; NETosis rate; NET clearance; pathogenicity; causal mechanism; sample-level fusion
Chapman_PXD011796	Acetylation	MYL6	MYL6	P60660	Carbamidomethylation; Acetylation (N-term)	N-term(+42.01_acetyl)	RA_SLE (>=22/23 samples)	protein=Myosin light polypeptide 6; mass_shift=+42.01	Table_6.XLSX#Acetylation	Tier_2	structured acetylated/methylated NET/release material composition (Tier 2 PTM)	enzyme activity (HAT/HDAC/PRMT); acetylation/methylation rate; NETosis rate; NET clearance; pathogenicity; causal mechanism; sample-level fusion
Chapman_PXD011796	Acetylation	NAMPT	NAMPT	P43490	Oxidation (M); Acetylation (N-term)	N-term(+42.01_acetyl)	RA_SLE (>=22/23 samples)	protein=Nicotinamide phosphoribosyltransferase; mass_shift=+42.01	Table_6.XLSX#Acetylation	Tier_2	structured acetylated/methylated NET/release material composition (Tier 2 PTM)	enzyme activity (HAT/HDAC/PRMT); acetylation/methylation rate; NETosis rate; NET clearance; pathogenicity; causal mechanism; sample-level fusion
Chapman_PXD011796	Acetylation	PROF1	PROF1	P07737	Acetylation (N-term); Carbamidomethylation	A(+42.01_acetyl)	RA_SLE (>=22/23 samples)	protein=Profilin-1; mass_shift=+42.01	Table_6.XLSX#Acetylation	Tier_2	structured acetylated/methylated NET/release material composition (Tier 2 PTM)	enzyme activity (HAT/HDAC/PRMT); acetylation/methylation rate; NETosis rate; NET clearance; pathogenicity; causal mechanism; sample-level fusion
Chapman_PXD011796	Acetylation	PSB2	PSB2	P49721	Oxidation (M); Acetylation (N-term)	N-term(+42.01_acetyl)	RA_SLE (>=22/23 samples)	protein=Proteasome subunit beta type-2; mass_shift=+42.01	Table_6.XLSX#Acetylation	Tier_2	structured acetylated/methylated NET/release material composition (Tier 2 PTM)	enzyme activity (HAT/HDAC/PRMT); acetylation/methylation rate; NETosis rate; NET clearance; pathogenicity; causal mechanism; sample-level fusion
Chapman_PXD011796	Acetylation	CALM2	CALM2	P0DP24	Acetylation (N-term)	A(+42.01_acetyl)	RA_SLE (>=22/23 samples)	protein=Calmodulin-2; mass_shift=+42.01	Table_6.XLSX#Acetylation	Tier_2	structured acetylated/methylated NET/release material composition (Tier 2 PTM)	enzyme activity (HAT/HDAC/PRMT); acetylation/methylation rate; NETosis rate; NET clearance; pathogenicity; causal mechanism; sample-level fusion
Chapman_PXD011796	Methylation	ACTG	ACTG	P63261	Methylation(others)	H(methyl)	RA_SLE (>=22/23 samples)	protein=Actin, cytoplasmic 1; mass_shift=+14.02/+28.03	Table_6.XLSX#Methylation	Tier_2	structured acetylated/methylated NET/release material composition (Tier 2 PTM)	enzyme activity (HAT/HDAC/PRMT); acetylation/methylation rate; NETosis rate; NET clearance; pathogenicity; causal mechanism; sample-level fusion
Chapman_PXD011796	Methylation	ACTG	ACTG	P63261	Methylation(others); Oxidation (M)	H(methyl)	RA_SLE (>=22/23 samples)	protein=Actin, cytoplasmic 1; mass_shift=+14.02/+28.03	Table_6.XLSX#Methylation	Tier_2	structured acetylated/methylated NET/release material composition (Tier 2 PTM)	enzyme activity (HAT/HDAC/PRMT); acetylation/methylation rate; NETosis rate; NET clearance; pathogenicity; causal mechanism; sample-level fusion
Chapman_PXD011796	Methylation	H32	H32	Q71DI3	Citrullination; Dimethylation(KR)	K(methyl)	RA_SLE (>=22/23 samples)	protein=Histone H3.2; mass_shift=+14.02/+28.03	Table_6.XLSX#Methylation	Tier_2	structured acetylated/methylated NET/release material composition (Tier 2 PTM)	enzyme activity (HAT/HDAC/PRMT); acetylation/methylation rate; NETosis rate; NET clearance; pathogenicity; causal mechanism; sample-level fusion
Chapman_PXD011796	Methylation	HSP7C	HSP7C	P11142	Methylation(others)	D(methyl)	RA_SLE (>=22/23 samples)	protein=Heat shock cognate 71 kDa protein; mass_shift=+14.02/+28.03	Table_6.XLSX#Methylation	Tier_2	structured acetylated/methylated NET/release material composition (Tier 2 PTM)	enzyme activity (HAT/HDAC/PRMT); acetylation/methylation rate; NETosis rate; NET clearance; pathogenicity; causal mechanism; sample-level fusion
Chapman_PXD011796	Methylation	H31	H31	P68431	Citrullination; Dimethylation(KR); Methylation(others)	K(methyl)	RA_SLE (>=22/23 samples)	protein=Histone H3.1; mass_shift=+14.02/+28.03	Table_6.XLSX#Methylation	Tier_2	structured acetylated/methylated NET/release material composition (Tier 2 PTM)	enzyme activity (HAT/HDAC/PRMT); acetylation/methylation rate; NETosis rate; NET clearance; pathogenicity; causal mechanism; sample-level fusion
Chapman_PXD011796	Methylation	H33	H33	P84243	Citrullination; Dimethylation (KR)	K(methyl)	RA_SLE (>=22/23 samples)	protein=Histone H3.3; mass_shift=+14.02/+28.03	Table_6.XLSX#Methylation	Tier_2	structured acetylated/methylated NET/release material composition (Tier 2 PTM)	enzyme activity (HAT/HDAC/PRMT); acetylation/methylation rate; NETosis rate; NET clearance; pathogenicity; causal mechanism; sample-level fusion
Chapman_PXD011796	Methylation	H31	H31	P68431	Citrullination; Dimethylation(KR); Acetylation (K)	K(methyl)	RA_SLE (>=22/23 samples)	protein=Histone H3.1; mass_shift=+14.02/+28.03	Table_6.XLSX#Methylation	Tier_2	structured acetylated/methylated NET/release material composition (Tier 2 PTM)	enzyme activity (HAT/HDAC/PRMT); acetylation/methylation rate; NETosis rate; NET clearance; pathogenicity; causal mechanism; sample-level fusion
Chapman_PXD011796	Methylation	H31T	H31T	Q16695	Methylation(KR)	K(methyl)	RA_SLE (>=22/23 samples)	protein=Histone H3.1t; mass_shift=+14.02/+28.03	Table_6.XLSX#Methylation	Tier_2	structured acetylated/methylated NET/release material composition (Tier 2 PTM)	enzyme activity (HAT/HDAC/PRMT); acetylation/methylation rate; NETosis rate; NET clearance; pathogenicity; causal mechanism; sample-level fusion
Chapman_PXD011796	Methylation	H31T	H31T	Q16695	Dimethylation(KR)	K(methyl)	RA_SLE (>=22/23 samples)	protein=Histone H3.1t; mass_shift=+14.02/+28.03	Table_6.XLSX#Methylation	Tier_2	structured acetylated/methylated NET/release material composition (Tier 2 PTM)	enzyme activity (HAT/HDAC/PRMT); acetylation/methylation rate; NETosis rate; NET clearance; pathogenicity; causal mechanism; sample-level fusion
Chapman_PXD011796	Methylation	H31T	H31T	Q16695	Citrullination; Methylation(KR)	K(methyl)	RA_SLE (>=22/23 samples)	protein=Histone H3.1t; mass_shift=+14.02/+28.03	Table_6.XLSX#Methylation	Tier_2	structured acetylated/methylated NET/release material composition (Tier 2 PTM)	enzyme activity (HAT/HDAC/PRMT); acetylation/methylation rate; NETosis rate; NET clearance; pathogenicity; causal mechanism; sample-level fusion
Chapman_PXD011796	Methylation	TPM1	TPM1	P09493	Methylation(others)	D(methyl)	RA_SLE (>=22/23 samples)	protein=Tropomyosin alpha-1 chain; mass_shift=+14.02/+28.03	Table_6.XLSX#Methylation	Tier_2	structured acetylated/methylated NET/release material composition (Tier 2 PTM)	enzyme activity (HAT/HDAC/PRMT); acetylation/methylation rate; NETosis rate; NET clearance; pathogenicity; causal mechanism; sample-level fusion
Chapman_PXD011796	Methylation	TPM4	TPM4	P67936	Methylation(KR); Methylation (Protein N-term)	K(methyl)	RA_SLE (>=22/23 samples)	protein=Tropomyosin alpha-4 chain; mass_shift=+14.02/+28.03	Table_6.XLSX#Methylation	Tier_2	structured acetylated/methylated NET/release material composition (Tier 2 PTM)	enzyme activity (HAT/HDAC/PRMT); acetylation/methylation rate; NETosis rate; NET clearance; pathogenicity; causal mechanism; sample-level fusion
Chapman_PXD011796	Methylation	ACTA	ACTA	P62736	Methylation(others)	S(methyl)	RA_SLE (>=22/23 samples)	protein=Actin, aortic smooth muscle; mass_shift=+14.02/+28.03	Table_6.XLSX#Methylation	Tier_2	structured acetylated/methylated NET/release material composition (Tier 2 PTM)	enzyme activity (HAT/HDAC/PRMT); acetylation/methylation rate; NETosis rate; NET clearance; pathogenicity; causal mechanism; sample-level fusion
Chapman_PXD011796	Methylation	CERU	CERU	P00450	Methylation(others)	D(methyl)	RA_SLE (>=22/23 samples)	protein=Ceruloplasmin; mass_shift=+14.02/+28.03	Table_6.XLSX#Methylation	Tier_2	structured acetylated/methylated NET/release material composition (Tier 2 PTM)	enzyme activity (HAT/HDAC/PRMT); acetylation/methylation rate; NETosis rate; NET clearance; pathogenicity; causal mechanism; sample-level fusion
Chapman_PXD011796	Methylation	PERM	PERM	P05164	Methylation(others); Citrullination; Methylation(C-term)	S(methyl)	RA_SLE (>=22/23 samples)	protein=Myeloperoxidase; mass_shift=+14.02/+28.03	Table_6.XLSX#Methylation	Tier_2	structured acetylated/methylated NET/release material composition (Tier 2 PTM)	enzyme activity (HAT/HDAC/PRMT); acetylation/methylation rate; NETosis rate; NET clearance; pathogenicity; causal mechanism; sample-level fusion
Chapman_PXD011796	Methylation	SPTN1	SPTN1	Q13813	Methylation(others)	D(methyl)	RA_SLE (>=22/23 samples)	protein=Spectrin alpha chain, non-erythrocytic 1; mass_shift=+14.02/+28.03	Table_6.XLSX#Methylation	Tier_2	structured acetylated/methylated NET/release material composition (Tier 2 PTM)	enzyme activity (HAT/HDAC/PRMT); acetylation/methylation rate; NETosis rate; NET clearance; pathogenicity; causal mechanism; sample-level fusion
